run_id,ticker,horizon,rho_garch
20260303T231623Z,A,10,0.3969979181663953
20260303T231623Z,A,21,0.42097024085454654
20260303T231623Z,A,31,0.4221913918071753
20260303T231623Z,A,42,0.36062781716458925
20260303T231623Z,AAPL,10,0.4800493196687554
20260303T231623Z,AAPL,21,0.5038010432153557
20260303T231623Z,AAPL,31,0.5143305789527827
20260303T231623Z,AAPL,42,0.4945041146172354
20260303T231623Z,ABBV,10,0.1205217914959307
20260303T231623Z,ABBV,21,0.12784678606943617
20260303T231623Z,ABBV,31,0.11912782842907546
20260303T231623Z,ABBV,42,0.05470759228531846
20260303T231623Z,ABNB,10,0.45954298015735145
20260303T231623Z,ABNB,21,0.4334146292851561
20260303T231623Z,ABNB,31,0.42171359619440146
20260303T231623Z,ABNB,42,0.43110426312114325
20260303T231623Z,ABT,10,0.35802266987180814
20260303T231623Z,ABT,21,0.3118655542349094
20260303T231623Z,ABT,31,0.30478433895756885
20260303T231623Z,ABT,42,0.25439362200169013
20260303T231623Z,ACGL,10,0.38736630312131354
20260303T231623Z,ACGL,21,0.3808568564719179
20260303T231623Z,ACGL,31,0.3581657164295578
20260303T231623Z,ACGL,42,0.32472342639008506
20260303T231623Z,ACN,10,0.4861690397524493
20260303T231623Z,ACN,21,0.4871585010728882
20260303T231623Z,ACN,31,0.46889128095607463
20260303T231623Z,ACN,42,0.4328263378541653
20260303T231623Z,ADBE,10,0.37747297693313053
20260303T231623Z,ADBE,21,0.35733925193906896
20260303T231623Z,ADBE,31,0.3440548141311731
20260303T231623Z,ADBE,42,0.3255978295070461
20260303T231623Z,ADI,10,0.339572247239433
20260303T231623Z,ADI,21,0.3398633684584186
20260303T231623Z,ADI,31,0.3471298906857523
20260303T231623Z,ADI,42,0.3207831982621629
20260303T231623Z,ADM,10,0.2457417036252686
20260303T231623Z,ADM,21,0.23748467557921263
20260303T231623Z,ADM,31,0.23380906207580446
20260303T231623Z,ADM,42,0.222408789408311
20260303T231623Z,ADP,10,0.4320966018142644
20260303T231623Z,ADP,21,0.49752840658344905
20260303T231623Z,ADP,31,0.47665581871745744
20260303T231623Z,ADP,42,0.4429907146824541
20260303T231623Z,ADSK,10,0.40073761244498596
20260303T231623Z,ADSK,21,0.357770623307613
20260303T231623Z,ADSK,31,0.3486963217699017
20260303T231623Z,ADSK,42,0.3321517032791241
20260303T231623Z,AEE,10,0.3102638719138742
20260303T231623Z,AEE,21,0.2879271805013192
20260303T231623Z,AEE,31,0.2817667417335903
20260303T231623Z,AEE,42,0.27991053992180553
20260303T231623Z,AEP,10,0.4055577512213154
20260303T231623Z,AEP,21,0.43718473240537226
20260303T231623Z,AEP,31,0.4150832659931313
20260303T231623Z,AEP,42,0.41391558368209586
20260303T231623Z,AES,10,0.52392241095456
20260303T231623Z,AES,21,0.594528205503574
20260303T231623Z,AES,31,0.5863866248307165
20260303T231623Z,AES,42,0.5597394099013362
20260303T231623Z,AFL,10,0.3498044290720651
20260303T231623Z,AFL,21,0.3534464428130733
20260303T231623Z,AFL,31,0.3719767623474423
20260303T231623Z,AFL,42,0.3678550467325235
20260303T231623Z,AIG,10,0.5146126485137514
20260303T231623Z,AIG,21,0.5092419516444213
20260303T231623Z,AIG,31,0.49213488488078594
20260303T231623Z,AIG,42,0.4698264186276859
20260303T231623Z,AIZ,10,0.3126152817859712
20260303T231623Z,AIZ,21,0.3518718581634473
20260303T231623Z,AIZ,31,0.3489868400973971
20260303T231623Z,AIZ,42,0.33865807464168407
20260303T231623Z,AJG,10,0.27209925747280894
20260303T231623Z,AJG,21,0.3192252798541643
20260303T231623Z,AJG,31,0.33005483771318567
20260303T231623Z,AJG,42,0.33811890401177785
20260303T231623Z,AKAM,10,0.2937605701957921
20260303T231623Z,AKAM,21,0.14658307934602527
20260303T231623Z,AKAM,31,0.07399092914834991
20260303T231623Z,AKAM,42,0.05557782484916666
20260303T231623Z,ALB,10,0.33685276392994545
20260303T231623Z,ALB,21,0.3394988327177482
20260303T231623Z,ALB,31,0.3087902085696423
20260303T231623Z,ALB,42,0.29566442533715376
20260303T231623Z,ALGN,10,0.25113269546848754
20260303T231623Z,ALGN,21,0.2058610075582033
20260303T231623Z,ALGN,31,0.22908444013304274
20260303T231623Z,ALGN,42,0.2116900451401435
20260303T231623Z,ALL,10,0.41741541369929097
20260303T231623Z,ALL,21,0.4091753269650156
20260303T231623Z,ALL,31,0.3907072077959422
20260303T231623Z,ALL,42,0.38161253598185163
20260303T231623Z,ALLE,10,0.4415720216305445
20260303T231623Z,ALLE,21,0.44946305001820286
20260303T231623Z,ALLE,31,0.4497840968434448
20260303T231623Z,ALLE,42,0.45633831283092274
20260303T231623Z,AMAT,10,0.353780670159639
20260303T231623Z,AMAT,21,0.35632473579397833
20260303T231623Z,AMAT,31,0.34744478801733436
20260303T231623Z,AMAT,42,0.33390600550221644
20260303T231623Z,AMCR,10,0.26009550531058956
20260303T231623Z,AMCR,21,0.28047743337000014
20260303T231623Z,AMCR,31,0.2644552635505635
20260303T231623Z,AMCR,42,0.2741207414672412
20260303T231623Z,AMD,10,0.30081681758959117
20260303T231623Z,AMD,21,0.2764274780627462
20260303T231623Z,AMD,31,0.28618194100654926
20260303T231623Z,AMD,42,0.29614650699846906
20260303T231623Z,AME,10,0.32019432179528673
20260303T231623Z,AME,21,0.3697097992877153
20260303T231623Z,AME,31,0.3305389654061634
20260303T231623Z,AME,42,0.3161261682202501
20260303T231623Z,AMGN,10,0.09173492337473564
20260303T231623Z,AMGN,21,0.12205333822519666
20260303T231623Z,AMGN,31,0.09881796167854441
20260303T231623Z,AMGN,42,0.06654554542507891
20260303T231623Z,AMP,10,0.46600884237696083
20260303T231623Z,AMP,21,0.46012430164013374
20260303T231623Z,AMP,31,0.43799424883428245
20260303T231623Z,AMP,42,0.44021963161047306
20260303T231623Z,AMT,10,0.43970766665528666
20260303T231623Z,AMT,21,0.476466359004044
20260303T231623Z,AMT,31,0.46771122692019457
20260303T231623Z,AMT,42,0.45689104251935075
20260303T231623Z,AMZN,10,0.4680768768525935
20260303T231623Z,AMZN,21,0.4986562984059215
20260303T231623Z,AMZN,31,0.4839391188114004
20260303T231623Z,AMZN,42,0.4760474594090206
20260303T231623Z,ANET,10,0.23854787189986643
20260303T231623Z,ANET,21,0.21152111626279546
20260303T231623Z,ANET,31,0.15397046046799243
20260303T231623Z,ANET,42,0.10704658653510646
20260303T231623Z,AON,10,0.2337887555818133
20260303T231623Z,AON,21,0.20972463823505647
20260303T231623Z,AON,31,0.1741090336172463
20260303T231623Z,AON,42,0.13717269311115368
20260303T231623Z,AOS,10,0.28319413208269684
20260303T231623Z,AOS,21,0.27843086807031725
20260303T231623Z,AOS,31,0.2753255414520571
20260303T231623Z,AOS,42,0.22145384700722015
20260303T231623Z,APA,10,0.5328499244900626
20260303T231623Z,APA,21,0.6294701622662329
20260303T231623Z,APA,31,0.6731648481218211
20260303T231623Z,APA,42,0.7028464415388765
20260303T231623Z,APD,10,0.2277274020122657
20260303T231623Z,APD,21,0.245671359338204
20260303T231623Z,APD,31,0.18357393801486635
20260303T231623Z,APD,42,0.18721030378756398
20260303T231623Z,APH,10,0.501834701394745
20260303T231623Z,APH,21,0.5430845858684497
20260303T231623Z,APH,31,0.5216373418829228
20260303T231623Z,APH,42,0.47937422773948946
20260303T231623Z,APO,10,0.3374430189542899
20260303T231623Z,APO,21,0.335240315998177
20260303T231623Z,APO,31,0.3189448048994037
20260303T231623Z,APO,42,0.3328794743191098
20260303T231623Z,APP,10,0.1308228296710164
20260303T231623Z,APP,21,0.09718377077129782
20260303T231623Z,APP,31,0.08656661007707271
20260303T231623Z,APP,42,0.11350803342540126
20260303T231623Z,APTV,10,0.34085023115165475
20260303T231623Z,APTV,21,0.33466803251298366
20260303T231623Z,APTV,31,0.3419952649910969
20260303T231623Z,APTV,42,0.35170887794877265
20260303T231623Z,ARE,10,0.5998583417928038
20260303T231623Z,ARE,21,0.6029418924416244
20260303T231623Z,ARE,31,0.5963977515035227
20260303T231623Z,ARE,42,0.5801341396516946
20260303T231623Z,ARES,10,0.4575794825774251
20260303T231623Z,ARES,21,0.5033936900451973
20260303T231623Z,ARES,31,0.5008537120541975
20260303T231623Z,ARES,42,0.4784132408929283
20260303T231623Z,ATO,10,0.39953871069716074
20260303T231623Z,ATO,21,0.47612428307082927
20260303T231623Z,ATO,31,0.49141951045365806
20260303T231623Z,ATO,42,0.48803904506102674
20260303T231623Z,AVB,10,0.4961882284311647
20260303T231623Z,AVB,21,0.5156739164131952
20260303T231623Z,AVB,31,0.5258868264956558
20260303T231623Z,AVB,42,0.5501302245687645
20260303T231623Z,AVGO,10,0.4295786454052723
20260303T231623Z,AVGO,21,0.4198593887586393
20260303T231623Z,AVGO,31,0.4049929392132512
20260303T231623Z,AVGO,42,0.3673665283271347
20260303T231623Z,AVY,10,0.5569696883361478
20260303T231623Z,AVY,21,0.6222665129657687
20260303T231623Z,AVY,31,0.61077394891354
20260303T231623Z,AVY,42,0.5841191888472249
20260303T231623Z,AWK,10,0.32020459215988606
20260303T231623Z,AWK,21,0.3034096593551587
20260303T231623Z,AWK,31,0.3309518927019325
20260303T231623Z,AWK,42,0.3520579703835693
20260303T231623Z,AXON,10,0.2792281934880787
20260303T231623Z,AXON,21,0.21687210152060707
20260303T231623Z,AXON,31,0.18776029642545028
20260303T231623Z,AXON,42,0.23344461759222523
20260303T231623Z,AXP,10,0.44488796787679835
20260303T231623Z,AXP,21,0.4759021411955613
20260303T231623Z,AXP,31,0.5018766768153489
20260303T231623Z,AXP,42,0.5052036362538412
20260303T231623Z,AZO,10,0.2509238433027305
20260303T231623Z,AZO,21,0.20455669274379018
20260303T231623Z,AZO,31,0.1313743749584233
20260303T231623Z,AZO,42,0.08049227114144544
20260303T231623Z,BA,10,0.4132130175411241
20260303T231623Z,BA,21,0.4471980802609139
20260303T231623Z,BA,31,0.43069229764769273
20260303T231623Z,BA,42,0.4174094102779815
20260303T231623Z,BAC,10,0.344200326270956
20260303T231623Z,BAC,21,0.3294797260506771
20260303T231623Z,BAC,31,0.3039560375273987
20260303T231623Z,BAC,42,0.2946110807349478
20260303T231623Z,BALL,10,0.3764405179206002
20260303T231623Z,BALL,21,0.4603780565885542
20260303T231623Z,BALL,31,0.48974550040341547
20260303T231623Z,BALL,42,0.5016176066332757
20260303T231623Z,BAX,10,0.15603979660258657
20260303T231623Z,BAX,21,0.2074427196077929
20260303T231623Z,BAX,31,0.2433096113631454
20260303T231623Z,BAX,42,0.24977332710568823
20260303T231623Z,BBY,10,0.211482508941692
20260303T231623Z,BBY,21,0.15449754104159374
20260303T231623Z,BBY,31,0.11769878528576866
20260303T231623Z,BBY,42,0.10341651425342227
20260303T231623Z,BDX,10,0.20363459028739186
20260303T231623Z,BDX,21,0.15306794181536149
20260303T231623Z,BDX,31,0.11332281736463502
20260303T231623Z,BDX,42,0.11899992878637732
20260303T231623Z,BEN,10,0.30108526428667287
20260303T231623Z,BEN,21,0.35871389142521776
20260303T231623Z,BEN,31,0.37912775811505206
20260303T231623Z,BEN,42,0.3368899124708498
20260303T231623Z,BF-B,10,0.19358339819587392
20260303T231623Z,BF-B,21,0.0820283226566158
20260303T231623Z,BF-B,31,0.06503550360068414
20260303T231623Z,BF-B,42,0.05580203683148759
20260303T231623Z,BG,10,0.335408101674482
20260303T231623Z,BG,21,0.33379742847832344
20260303T231623Z,BG,31,0.2857116452141486
20260303T231623Z,BG,42,0.2704130440580564
20260303T231623Z,BIIB,10,0.18108152647368803
20260303T231623Z,BIIB,21,0.16316447198021866
20260303T231623Z,BIIB,31,0.15197180669849672
20260303T231623Z,BIIB,42,0.15468569497711437
20260303T231623Z,BK,10,0.3651581922001421
20260303T231623Z,BK,21,0.42689298366709955
20260303T231623Z,BK,31,0.4035277186110844
20260303T231623Z,BK,42,0.3846059495263475
20260303T231623Z,BKNG,10,0.4186980205250185
20260303T231623Z,BKNG,21,0.3733844121082259
20260303T231623Z,BKNG,31,0.3207713531790046
20260303T231623Z,BKNG,42,0.30142111026008345
20260303T231623Z,BKR,10,0.5595152144447577
20260303T231623Z,BKR,21,0.6308407360673791
20260303T231623Z,BKR,31,0.6640178651546709
20260303T231623Z,BKR,42,0.6537030888592235
20260303T231623Z,BLDR,10,0.4199295861018613
20260303T231623Z,BLDR,21,0.4154843248354142
20260303T231623Z,BLDR,31,0.38582932884169735
20260303T231623Z,BLDR,42,0.3568221550750475
20260303T231623Z,BLK,10,0.43941498446801913
20260303T231623Z,BLK,21,0.4610459092186991
20260303T231623Z,BLK,31,0.4593293819384681
20260303T231623Z,BLK,42,0.44586797356185454
20260303T231623Z,BMY,10,0.18280334578063803
20260303T231623Z,BMY,21,0.19982868265425335
20260303T231623Z,BMY,31,0.21648080413381507
20260303T231623Z,BMY,42,0.2215185572331431
20260303T231623Z,BR,10,0.3254057196959867
20260303T231623Z,BR,21,0.35468310051094487
20260303T231623Z,BR,31,0.3398294887912035
20260303T231623Z,BR,42,0.3457494584398717
20260303T231623Z,BRK-B,10,0.39083375028651574
20260303T231623Z,BRK-B,21,0.4570787167127332
20260303T231623Z,BRK-B,31,0.44360289458105234
20260303T231623Z,BRK-B,42,0.4493424099423092
20260303T231623Z,BRO,10,0.3465214822176625
20260303T231623Z,BRO,21,0.41143598651226154
20260303T231623Z,BRO,31,0.42837331285169256
20260303T231623Z,BRO,42,0.4107643899245873
20260303T231623Z,BSX,10,0.43102420368489797
20260303T231623Z,BSX,21,0.4496114365719125
20260303T231623Z,BSX,31,0.47474126618081913
20260303T231623Z,BSX,42,0.4603796663978374
20260303T231623Z,BX,10,0.5940422632357312
20260303T231623Z,BX,21,0.6145080691949514
20260303T231623Z,BX,31,0.6183353022377163
20260303T231623Z,BX,42,0.6116807670877391
20260303T231623Z,BXP,10,0.635367361669117
20260303T231623Z,BXP,21,0.6315299791641308
20260303T231623Z,BXP,31,0.6084805721273319
20260303T231623Z,BXP,42,0.5759063680737265
20260303T231623Z,C,10,0.4036389529612108
20260303T231623Z,C,21,0.38459274288803663
20260303T231623Z,C,31,0.3746764375959769
20260303T231623Z,C,42,0.36271495618714933
20260303T231623Z,CAG,10,0.33014919366357126
20260303T231623Z,CAG,21,0.4213628272478617
20260303T231623Z,CAG,31,0.5068101924854583
20260303T231623Z,CAG,42,0.5776695865204143
20260303T231623Z,CAH,10,0.19933756184032575
20260303T231623Z,CAH,21,0.1496349416326757
20260303T231623Z,CAH,31,0.16114915355509377
20260303T231623Z,CAH,42,0.20629678107284163
20260303T231623Z,CARR,10,0.24869761788459277
20260303T231623Z,CARR,21,0.25960537810203593
20260303T231623Z,CARR,31,0.3043124262797524
20260303T231623Z,CARR,42,0.37513193262606304
20260303T231623Z,CAT,10,0.1914216810027647
20260303T231623Z,CAT,21,0.15489651831670653
20260303T231623Z,CAT,31,0.16599657551339908
20260303T231623Z,CAT,42,0.17640714676264957
20260303T231623Z,CB,10,0.4133638780235597
20260303T231623Z,CB,21,0.4171751862937744
20260303T231623Z,CB,31,0.3928998284598527
20260303T231623Z,CB,42,0.37744503746599256
20260303T231623Z,CBOE,10,0.332440530336425
20260303T231623Z,CBOE,21,0.3870917340580111
20260303T231623Z,CBOE,31,0.4194842907336194
20260303T231623Z,CBOE,42,0.40572025257060085
20260303T231623Z,CBRE,10,0.3619922246914312
20260303T231623Z,CBRE,21,0.357720681805302
20260303T231623Z,CBRE,31,0.34804815905782904
20260303T231623Z,CBRE,42,0.3313014855614927
20260303T231623Z,CCI,10,0.45435856486979953
20260303T231623Z,CCI,21,0.5055343936367315
20260303T231623Z,CCI,31,0.48870747846024115
20260303T231623Z,CCI,42,0.49213439872112175
20260303T231623Z,CCL,10,0.6645589435563841
20260303T231623Z,CCL,21,0.689271712284618
20260303T231623Z,CCL,31,0.6723821614246258
20260303T231623Z,CCL,42,0.6479542956130514
20260303T231623Z,CDNS,10,0.4658211699377132
20260303T231623Z,CDNS,21,0.4640719613398757
20260303T231623Z,CDNS,31,0.4012346285928744
20260303T231623Z,CDNS,42,0.3275488980451256
20260303T231623Z,CDW,10,0.3432869992039968
20260303T231623Z,CDW,21,0.3714456971490658
20260303T231623Z,CDW,31,0.34681924645876344
20260303T231623Z,CDW,42,0.31952723333571476
20260303T231623Z,CEG,10,0.518373336930098
20260303T231623Z,CEG,21,0.6000742868654624
20260303T231623Z,CEG,31,0.6158879407784711
20260303T231623Z,CEG,42,0.6261154757029053
20260303T231623Z,CF,10,0.4918500542689885
20260303T231623Z,CF,21,0.6010903524842327
20260303T231623Z,CF,31,0.6328201809947018
20260303T231623Z,CF,42,0.6338763860054862
20260303T231623Z,CFG,10,0.4236537338257666
20260303T231623Z,CFG,21,0.43435871271624515
20260303T231623Z,CFG,31,0.4202973677814037
20260303T231623Z,CFG,42,0.3896305747857252
20260303T231623Z,CHD,10,0.09469546931219075
20260303T231623Z,CHD,21,0.1573593526273274
20260303T231623Z,CHD,31,0.17768835631577728
20260303T231623Z,CHD,42,0.16076591960348588
20260303T231623Z,CHRW,10,0.0421350168154195
20260303T231623Z,CHRW,21,0.020473037851512773
20260303T231623Z,CHRW,31,0.038493311553564585
20260303T231623Z,CHRW,42,0.04451562505817231
20260303T231623Z,CHTR,10,0.30064146102030104
20260303T231623Z,CHTR,21,0.3543226268056495
20260303T231623Z,CHTR,31,0.3781104169860685
20260303T231623Z,CHTR,42,0.37422000777912895
20260303T231623Z,CI,10,0.27974381077066346
20260303T231623Z,CI,21,0.3375193879160134
20260303T231623Z,CI,31,0.2921368386274318
20260303T231623Z,CI,42,0.23410039612541905
20260303T231623Z,CIEN,10,0.1341419263611681
20260303T231623Z,CIEN,21,0.07675343943082628
20260303T231623Z,CIEN,31,0.0805266585899391
20260303T231623Z,CIEN,42,0.040845111741829504
20260303T231623Z,CINF,10,0.45792407347920033
20260303T231623Z,CINF,21,0.5112686445233938
20260303T231623Z,CINF,31,0.5345451903126136
20260303T231623Z,CINF,42,0.544978509796815
20260303T231623Z,CL,10,0.217419658243247
20260303T231623Z,CL,21,0.2521429371635463
20260303T231623Z,CL,31,0.26536009282464085
20260303T231623Z,CL,42,0.2501694572856378
20260303T231623Z,CLX,10,0.20549413671864017
20260303T231623Z,CLX,21,0.1685032200371205
20260303T231623Z,CLX,31,0.0891990852115762
20260303T231623Z,CLX,42,0.04270619155078123
20260303T231623Z,CMCSA,10,0.22961453084241318
20260303T231623Z,CMCSA,21,0.20243689056878159
20260303T231623Z,CMCSA,31,0.18246497637266323
20260303T231623Z,CMCSA,42,0.17019712842945034
20260303T231623Z,CME,10,0.305305024036571
20260303T231623Z,CME,21,0.36472499575256356
20260303T231623Z,CME,31,0.38484220263177193
20260303T231623Z,CME,42,0.39217524062401343
20260303T231623Z,CMG,10,0.31956874699779475
20260303T231623Z,CMG,21,0.2657205659515275
20260303T231623Z,CMG,31,0.24469901348605838
20260303T231623Z,CMG,42,0.25331611485250033
20260303T231623Z,CMI,10,0.18230305372406125
20260303T231623Z,CMI,21,0.1754257786794077
20260303T231623Z,CMI,31,0.18528858718710606
20260303T231623Z,CMI,42,0.2183555945175356
20260303T231623Z,CMS,10,0.33034222737923596
20260303T231623Z,CMS,21,0.3198062421534834
20260303T231623Z,CMS,31,0.32448495778577685
20260303T231623Z,CMS,42,0.3612063738125219
20260303T231623Z,CNC,10,0.20258440713157483
20260303T231623Z,CNC,21,0.23765313143438446
20260303T231623Z,CNC,31,0.29626864780598755
20260303T231623Z,CNC,42,0.2544629179316749
20260303T231623Z,CNP,10,0.30646161987863807
20260303T231623Z,CNP,21,0.32473479245190356
20260303T231623Z,CNP,31,0.3098425726369745
20260303T231623Z,CNP,42,0.3150425442598283
20260303T231623Z,COF,10,0.457979862585199
20260303T231623Z,COF,21,0.47099671705790036
20260303T231623Z,COF,31,0.5095524207766349
20260303T231623Z,COF,42,0.5259188649742581
20260303T231623Z,COIN,10,0.5122224406731449
20260303T231623Z,COIN,21,0.5677871516638308
20260303T231623Z,COIN,31,0.6041938249383323
20260303T231623Z,COIN,42,0.6077275634569786
20260303T231623Z,COO,10,0.35713488127837817
20260303T231623Z,COO,21,0.34357490820967934
20260303T231623Z,COO,31,0.359188552036798
20260303T231623Z,COO,42,0.34774166881788177
20260303T231623Z,COP,10,0.6305031499274268
20260303T231623Z,COP,21,0.7076097995534082
20260303T231623Z,COP,31,0.7098968790472694
20260303T231623Z,COP,42,0.6864110077616944
20260303T231623Z,COR,10,0.4627380007732903
20260303T231623Z,COR,21,0.5332457777970737
20260303T231623Z,COR,31,0.5780707700068591
20260303T231623Z,COR,42,0.6094278266787826
20260303T231623Z,COST,10,0.3565834515878475
20260303T231623Z,COST,21,0.3753283168376498
20260303T231623Z,COST,31,0.33924510402672997
20260303T231623Z,COST,42,0.3176645310102095
20260303T231623Z,CPAY,10,0.36959762780209043
20260303T231623Z,CPAY,21,0.28068735974299147
20260303T231623Z,CPAY,31,0.2533859758933585
20260303T231623Z,CPAY,42,0.26087837504510125
20260303T231623Z,CPB,10,0.14653549709448682
20260303T231623Z,CPB,21,0.04751551098974364
20260303T231623Z,CPB,31,-0.032446201262168003
20260303T231623Z,CPB,42,-0.05339287778648293
20260303T231623Z,CPRT,10,0.36144701719259215
20260303T231623Z,CPRT,21,0.3358577526744397
20260303T231623Z,CPRT,31,0.3386885394823185
20260303T231623Z,CPRT,42,0.3206828383767556
20260303T231623Z,CPT,10,0.5510287696955147
20260303T231623Z,CPT,21,0.5998779316399081
20260303T231623Z,CPT,31,0.6011392629640866
20260303T231623Z,CPT,42,0.564523344199719
20260303T231623Z,CRH,10,0.5660335760351619
20260303T231623Z,CRH,21,0.5692695315872484
20260303T231623Z,CRH,31,0.5344028677276501
20260303T231623Z,CRH,42,0.49880662098349426
20260303T231623Z,CRL,10,0.4157395450816432
20260303T231623Z,CRL,21,0.40430462538311235
20260303T231623Z,CRL,31,0.3864185551437989
20260303T231623Z,CRL,42,0.3619869033015651
20260303T231623Z,CRM,10,0.40309711180016
20260303T231623Z,CRM,21,0.3547296296115707
20260303T231623Z,CRM,31,0.3452489160746937
20260303T231623Z,CRM,42,0.32103902265620604
20260303T231623Z,CRWD,10,0.313298647259116
20260303T231623Z,CRWD,21,0.32220709143417764
20260303T231623Z,CRWD,31,0.31526379006353
20260303T231623Z,CRWD,42,0.30131546407685095
20260303T231623Z,CSCO,10,0.2541070601690167
20260303T231623Z,CSCO,21,0.26417494506799705
20260303T231623Z,CSCO,31,0.24500737683209034
20260303T231623Z,CSCO,42,0.25470424251229323
20260303T231623Z,CSGP,10,0.26206233394135475
20260303T231623Z,CSGP,21,0.26929251840091073
20260303T231623Z,CSGP,31,0.25663713172294705
20260303T231623Z,CSGP,42,0.22979686902104673
20260303T231623Z,CSX,10,0.39316004677024796
20260303T231623Z,CSX,21,0.4038460679395379
20260303T231623Z,CSX,31,0.3944674736526688
20260303T231623Z,CSX,42,0.3637042570901855
20260303T231623Z,CTAS,10,0.3522986354860349
20260303T231623Z,CTAS,21,0.3030822512747492
20260303T231623Z,CTAS,31,0.3109825163957368
20260303T231623Z,CTAS,42,0.3271020013789296
20260303T231623Z,CTRA,10,0.6094747015690235
20260303T231623Z,CTRA,21,0.6712951254459582
20260303T231623Z,CTRA,31,0.7072875397912012
20260303T231623Z,CTRA,42,0.7095033374946503
20260303T231623Z,CTSH,10,0.3228472101615694
20260303T231623Z,CTSH,21,0.26895992419986514
20260303T231623Z,CTSH,31,0.24680694075981705
20260303T231623Z,CTSH,42,0.2599112790047567
20260303T231623Z,CTVA,10,0.23328082728795071
20260303T231623Z,CTVA,21,0.2038402659395492
20260303T231623Z,CTVA,31,0.18431450602698568
20260303T231623Z,CTVA,42,0.2039982269758416
20260303T231623Z,CVNA,10,0.6848095037191866
20260303T231623Z,CVNA,21,0.7082675938102434
20260303T231623Z,CVNA,31,0.7127234171298472
20260303T231623Z,CVNA,42,0.7043184906299812
20260303T231623Z,CVS,10,0.206064850562652
20260303T231623Z,CVS,21,0.20802244103377185
20260303T231623Z,CVS,31,0.1425370725288183
20260303T231623Z,CVS,42,0.1332979521889124
20260303T231623Z,CVX,10,0.48845528288518936
20260303T231623Z,CVX,21,0.5659724800278516
20260303T231623Z,CVX,31,0.5932576307530418
20260303T231623Z,CVX,42,0.5722537595703363
20260303T231623Z,D,10,0.3737185214596778
20260303T231623Z,D,21,0.3694420553171991
20260303T231623Z,D,31,0.3337065525720337
20260303T231623Z,D,42,0.2972803604150104
20260303T231623Z,DAL,10,0.6001100496161957
20260303T231623Z,DAL,21,0.6134500494904083
20260303T231623Z,DAL,31,0.5881317794142721
20260303T231623Z,DAL,42,0.5985889323937248
20260303T231623Z,DASH,10,0.7140870075964131
20260303T231623Z,DASH,21,0.714777774379425
20260303T231623Z,DASH,31,0.6892212202880392
20260303T231623Z,DASH,42,0.6921548527733979
20260303T231623Z,DD,10,0.2980801598886934
20260303T231623Z,DD,21,0.3009756023571455
20260303T231623Z,DD,31,0.23474592940089198
20260303T231623Z,DD,42,0.21159297980125905
20260303T231623Z,DDOG,10,0.41191119525165176
20260303T231623Z,DDOG,21,0.38884846154245534
20260303T231623Z,DDOG,31,0.3830714713047476
20260303T231623Z,DDOG,42,0.3838827335048236
20260303T231623Z,DE,10,0.33805270806444543
20260303T231623Z,DE,21,0.27827637204022143
20260303T231623Z,DE,31,0.20462032553918025
20260303T231623Z,DE,42,0.1912110601621235
20260303T231623Z,DECK,10,0.3426010980626175
20260303T231623Z,DECK,21,0.3071273961738648
20260303T231623Z,DECK,31,0.2675467807428273
20260303T231623Z,DECK,42,0.25806126353990777
20260303T231623Z,DELL,10,0.3784094756846968
20260303T231623Z,DELL,21,0.37794896833936487
20260303T231623Z,DELL,31,0.36808857934232536
20260303T231623Z,DELL,42,0.3659095541668248
20260303T231623Z,DG,10,0.225420825199735
20260303T231623Z,DG,21,0.2059617883711832
20260303T231623Z,DG,31,0.19346914337982038
20260303T231623Z,DG,42,0.17608067434149371
20260303T231623Z,DGX,10,0.3265960717311893
20260303T231623Z,DGX,21,0.28855580328578
20260303T231623Z,DGX,31,0.2294608063712013
20260303T231623Z,DGX,42,0.21397718789334896
20260303T231623Z,DHI,10,0.4491537925501549
20260303T231623Z,DHI,21,0.4767226873747965
20260303T231623Z,DHI,31,0.46774841737769673
20260303T231623Z,DHI,42,0.46389449664560845
20260303T231623Z,DHR,10,0.2429428132980031
20260303T231623Z,DHR,21,0.27234116536575936
20260303T231623Z,DHR,31,0.29292986759385237
20260303T231623Z,DHR,42,0.2701025644702525
20260303T231623Z,DIS,10,0.34764704206743663
20260303T231623Z,DIS,21,0.2911098125898775
20260303T231623Z,DIS,31,0.289438325696776
20260303T231623Z,DIS,42,0.28631821581147904
20260303T231623Z,DLR,10,0.432941677542755
20260303T231623Z,DLR,21,0.45846485982467017
20260303T231623Z,DLR,31,0.46904102226638794
20260303T231623Z,DLR,42,0.4714685348764075
20260303T231623Z,DLTR,10,0.18111340137306492
20260303T231623Z,DLTR,21,0.06642394624525011
20260303T231623Z,DLTR,31,-0.048813101147191916
20260303T231623Z,DLTR,42,-0.07801829522623732
20260303T231623Z,DOC,10,0.5227502043010949
20260303T231623Z,DOC,21,0.5572619250920676
20260303T231623Z,DOC,31,0.5223631442372492
20260303T231623Z,DOC,42,0.49912006756753086
20260303T231623Z,DOV,10,0.29521404633036435
20260303T231623Z,DOV,21,0.33947111014747966
20260303T231623Z,DOV,31,0.36980071836351797
20260303T231623Z,DOV,42,0.3771856938106926
20260303T231623Z,DOW,10,0.5659805167096477
20260303T231623Z,DOW,21,0.6434151995941879
20260303T231623Z,DOW,31,0.6864332772442924
20260303T231623Z,DOW,42,0.6946418993421586
20260303T231623Z,DPZ,10,0.18886360341625028
20260303T231623Z,DPZ,21,0.1569904446329469
20260303T231623Z,DPZ,31,0.09790884381258456
20260303T231623Z,DPZ,42,0.030272938611048322
20260303T231623Z,DRI,10,0.47800773397008356
20260303T231623Z,DRI,21,0.5276506543592274
20260303T231623Z,DRI,31,0.5607874266370183
20260303T231623Z,DRI,42,0.5634917207522181
20260303T231623Z,DTE,10,0.4526095149958827
20260303T231623Z,DTE,21,0.40597989928254447
20260303T231623Z,DTE,31,0.38566692504835703
20260303T231623Z,DTE,42,0.4042797968475969
20260303T231623Z,DUK,10,0.4213591801581682
20260303T231623Z,DUK,21,0.4122656380770714
20260303T231623Z,DUK,31,0.3890939329731125
20260303T231623Z,DUK,42,0.38893832771732173
20260303T231623Z,DVA,10,0.14779824489535884
20260303T231623Z,DVA,21,0.10142005253069401
20260303T231623Z,DVA,31,0.07164420606600122
20260303T231623Z,DVA,42,0.0789806455960992
20260303T231623Z,DVN,10,0.6785668248456912
20260303T231623Z,DVN,21,0.7477884936355313
20260303T231623Z,DVN,31,0.7743375065227617
20260303T231623Z,DVN,42,0.7640509957333623
20260303T231623Z,DXCM,10,0.15456214923454126
20260303T231623Z,DXCM,21,0.16626191811397995
20260303T231623Z,DXCM,31,0.1243226642305241
20260303T231623Z,DXCM,42,0.13621899997163453
20260303T231623Z,EA,10,0.31386039481976735
20260303T231623Z,EA,21,0.3480332383836518
20260303T231623Z,EA,31,0.367050024830012
20260303T231623Z,EA,42,0.36551851244254524
20260303T231623Z,EBAY,10,0.3142375388862215
20260303T231623Z,EBAY,21,0.24599507034598556
20260303T231623Z,EBAY,31,0.22625054663753016
20260303T231623Z,EBAY,42,0.26392047170364935
20260303T231623Z,ECL,10,0.5236393494251288
20260303T231623Z,ECL,21,0.5351199308462746
20260303T231623Z,ECL,31,0.521036782658512
20260303T231623Z,ECL,42,0.49487570137777076
20260303T231623Z,ED,10,0.3410811019510053
20260303T231623Z,ED,21,0.36838903195266365
20260303T231623Z,ED,31,0.38533079571214657
20260303T231623Z,ED,42,0.3729884415405714
20260303T231623Z,EFX,10,0.40895542129682616
20260303T231623Z,EFX,21,0.4339203158148197
20260303T231623Z,EFX,31,0.4358202680902396
20260303T231623Z,EFX,42,0.41794263168052503
20260303T231623Z,EG,10,0.3120420262319855
20260303T231623Z,EG,21,0.2954533692791469
20260303T231623Z,EG,31,0.24861683787423755
20260303T231623Z,EG,42,0.23806677876313603
20260303T231623Z,EIX,10,0.3763445291010968
20260303T231623Z,EIX,21,0.45472328728895184
20260303T231623Z,EIX,31,0.43919164674764977
20260303T231623Z,EIX,42,0.4243209803930586
20260303T231623Z,EL,10,0.39992879178179636
20260303T231623Z,EL,21,0.3757746297810594
20260303T231623Z,EL,31,0.3444145589982289
20260303T231623Z,EL,42,0.29851068500944483
20260303T231623Z,ELV,10,0.2469663580356658
20260303T231623Z,ELV,21,0.27200600547660175
20260303T231623Z,ELV,31,0.27153227865426616
20260303T231623Z,ELV,42,0.25387326646984515
20260303T231623Z,EME,10,0.20741203181494788
20260303T231623Z,EME,21,0.20120142962623347
20260303T231623Z,EME,31,0.2276150148416591
20260303T231623Z,EME,42,0.2201317207308892
20260303T231623Z,EMR,10,0.2394458130539222
20260303T231623Z,EMR,21,0.2809942934132895
20260303T231623Z,EMR,31,0.2560874049193702
20260303T231623Z,EMR,42,0.2647661494219104
20260303T231623Z,EOG,10,0.6531694412087571
20260303T231623Z,EOG,21,0.734624933332255
20260303T231623Z,EOG,31,0.7601006858082741
20260303T231623Z,EOG,42,0.750393999674792
20260303T231623Z,EPAM,10,0.4730975965278129
20260303T231623Z,EPAM,21,0.44321590603418015
20260303T231623Z,EPAM,31,0.40835573345202103
20260303T231623Z,EPAM,42,0.36565357742380955
20260303T231623Z,EQIX,10,0.35127728574518785
20260303T231623Z,EQIX,21,0.3360048363111422
20260303T231623Z,EQIX,31,0.31858654601197367
20260303T231623Z,EQIX,42,0.30304174911245535
20260303T231623Z,EQR,10,0.5895405236110676
20260303T231623Z,EQR,21,0.6142855404591715
20260303T231623Z,EQR,31,0.6094269400389494
20260303T231623Z,EQR,42,0.6122980965490853
20260303T231623Z,EQT,10,0.612143921849815
20260303T231623Z,EQT,21,0.7121816228426409
20260303T231623Z,EQT,31,0.7504604458241849
20260303T231623Z,EQT,42,0.7541044246131153
20260303T231623Z,ERIE,10,0.22380439404144717
20260303T231623Z,ERIE,21,0.14265257654502378
20260303T231623Z,ERIE,31,0.07113009063380786
20260303T231623Z,ERIE,42,0.02261605828056608
20260303T231623Z,ES,10,0.45523248829252955
20260303T231623Z,ES,21,0.46081517247073733
20260303T231623Z,ES,31,0.4501067890506079
20260303T231623Z,ES,42,0.42318858190920133
20260303T231623Z,ESS,10,0.5177097649546741
20260303T231623Z,ESS,21,0.5345694538852197
20260303T231623Z,ESS,31,0.5326785503771934
20260303T231623Z,ESS,42,0.5275478944462715
20260303T231623Z,ETN,10,0.23694935408518633
20260303T231623Z,ETN,21,0.25668332556157325
20260303T231623Z,ETN,31,0.2535303281998659
20260303T231623Z,ETN,42,0.26143512674639413
20260303T231623Z,ETR,10,0.30715705957205397
20260303T231623Z,ETR,21,0.30468295626369185
20260303T231623Z,ETR,31,0.2997845277402937
20260303T231623Z,ETR,42,0.2895185459212319
20260303T231623Z,EVRG,10,0.3909734622292768
20260303T231623Z,EVRG,21,0.3913287508221515
20260303T231623Z,EVRG,31,0.39442975062602753
20260303T231623Z,EVRG,42,0.4196607929186979
20260303T231623Z,EW,10,0.21411135458792724
20260303T231623Z,EW,21,0.219146334032417
20260303T231623Z,EW,31,0.2370815243952158
20260303T231623Z,EW,42,0.22127059785478745
20260303T231623Z,EXC,10,0.4180882478972792
20260303T231623Z,EXC,21,0.44716698908448976
20260303T231623Z,EXC,31,0.43671124881139317
20260303T231623Z,EXC,42,0.42885517145872265
20260303T231623Z,EXE,10,0.6015166608654885
20260303T231623Z,EXE,21,0.704240637861573
20260303T231623Z,EXE,31,0.7508643497494458
20260303T231623Z,EXE,42,0.75749520454773
20260303T231623Z,EXPD,10,0.17430547404596491
20260303T231623Z,EXPD,21,0.2377762516171134
20260303T231623Z,EXPD,31,0.3035343842911202
20260303T231623Z,EXPD,42,0.28559606263984144
20260303T231623Z,EXPE,10,0.3974159830494647
20260303T231623Z,EXPE,21,0.36065104434382045
20260303T231623Z,EXPE,31,0.28861375225057945
20260303T231623Z,EXPE,42,0.21863224882479668
20260303T231623Z,EXR,10,0.46636137255258703
20260303T231623Z,EXR,21,0.5206611396513601
20260303T231623Z,EXR,31,0.5061618100420626
20260303T231623Z,EXR,42,0.47108316053389204
20260303T231623Z,F,10,0.3698338257591499
20260303T231623Z,F,21,0.3439515671294655
20260303T231623Z,F,31,0.33598226891867883
20260303T231623Z,F,42,0.2995439979113946
20260303T231623Z,FANG,10,0.6750300068585653
20260303T231623Z,FANG,21,0.6976131998383301
20260303T231623Z,FANG,31,0.7147187265141199
20260303T231623Z,FANG,42,0.7060373755257718
20260303T231623Z,FAST,10,0.2633642570489199
20260303T231623Z,FAST,21,0.2275279519014792
20260303T231623Z,FAST,31,0.2293125398677347
20260303T231623Z,FAST,42,0.22728899165080976
20260303T231623Z,FCX,10,0.47739131218435127
20260303T231623Z,FCX,21,0.5175801423886099
20260303T231623Z,FCX,31,0.5084967681879753
20260303T231623Z,FCX,42,0.5079249278729976
20260303T231623Z,FDS,10,0.3073176085388561
20260303T231623Z,FDS,21,0.291617545113994
20260303T231623Z,FDS,31,0.32147330537412394
20260303T231623Z,FDS,42,0.3295850496754296
20260303T231623Z,FDX,10,0.26487128758381157
20260303T231623Z,FDX,21,0.17764305510490763
20260303T231623Z,FDX,31,0.23417285893742892
20260303T231623Z,FDX,42,0.1994837540816789
20260303T231623Z,FE,10,0.39778308164981446
20260303T231623Z,FE,21,0.41853070903123085
20260303T231623Z,FE,31,0.42276725918968344
20260303T231623Z,FE,42,0.40539812590387575
20260303T231623Z,FFIV,10,0.3153369641029642
20260303T231623Z,FFIV,21,0.2825286478968175
20260303T231623Z,FFIV,31,0.2514454466452163
20260303T231623Z,FFIV,42,0.24179991893320754
20260303T231623Z,FICO,10,0.2817194512328935
20260303T231623Z,FICO,21,0.24976463187477768
20260303T231623Z,FICO,31,0.23174804185314127
20260303T231623Z,FICO,42,0.22769467030258914
20260303T231623Z,FIS,10,0.39819139022198713
20260303T231623Z,FIS,21,0.40411347249469937
20260303T231623Z,FIS,31,0.3996369770395441
20260303T231623Z,FIS,42,0.38168897707863053
20260303T231623Z,FISV,10,0.48493772763264037
20260303T231623Z,FISV,21,0.4939131075085947
20260303T231623Z,FISV,31,0.4706869365013495
20260303T231623Z,FISV,42,0.44614088050920747
20260303T231623Z,FITB,10,0.4111373864941089
20260303T231623Z,FITB,21,0.41807984135273757
20260303T231623Z,FITB,31,0.41353479328932197
20260303T231623Z,FITB,42,0.39398077399771725
20260303T231623Z,FIX,10,0.35930336684523795
20260303T231623Z,FIX,21,0.3327374087779263
20260303T231623Z,FIX,31,0.3063489972940944
20260303T231623Z,FIX,42,0.2307120254880592
20260303T231623Z,FOX,10,0.4463746132250406
20260303T231623Z,FOX,21,0.4326192289563884
20260303T231623Z,FOX,31,0.4461704968558795
20260303T231623Z,FOX,42,0.44444429035755834
20260303T231623Z,FOXA,10,0.44289867602437666
20260303T231623Z,FOXA,21,0.42612411641145015
20260303T231623Z,FOXA,31,0.44807786410173617
20260303T231623Z,FOXA,42,0.44905271645138134
20260303T231623Z,FRT,10,0.5781086689500563
20260303T231623Z,FRT,21,0.5979789939705525
20260303T231623Z,FRT,31,0.5927060567166469
20260303T231623Z,FRT,42,0.5793480494251678
20260303T231623Z,FSLR,10,0.2821827135737981
20260303T231623Z,FSLR,21,0.3506915394423562
20260303T231623Z,FSLR,31,0.3874522420486664
20260303T231623Z,FSLR,42,0.41383098429785803
20260303T231623Z,FTNT,10,0.24018873488829595
20260303T231623Z,FTNT,21,0.2378377040444675
20260303T231623Z,FTNT,31,0.172079494561944
20260303T231623Z,FTNT,42,0.19137004774074043
20260303T231623Z,FTV,10,0.34040058409423346
20260303T231623Z,FTV,21,0.361851720686944
20260303T231623Z,FTV,31,0.3678639953088033
20260303T231623Z,FTV,42,0.32513334415201467
20260303T231623Z,GD,10,0.37965856906487044
20260303T231623Z,GD,21,0.35726429953970024
20260303T231623Z,GD,31,0.31803573544882013
20260303T231623Z,GD,42,0.29588507997097485
20260303T231623Z,GDDY,10,0.30091441639673244
20260303T231623Z,GDDY,21,0.2804847068784178
20260303T231623Z,GDDY,31,0.22908450344545792
20260303T231623Z,GDDY,42,0.20205693203010597
20260303T231623Z,GE,10,0.4124988184573817
20260303T231623Z,GE,21,0.44797253121022723
20260303T231623Z,GE,31,0.4856066002343647
20260303T231623Z,GE,42,0.5171899201616164
20260303T231623Z,GEHC,10,0.02653472338192142
20260303T231623Z,GEHC,21,0.010564672684762437
20260303T231623Z,GEHC,31,-0.03263946458100946
20260303T231623Z,GEHC,42,-0.006228153131932111
20260303T231623Z,GEN,10,0.13451395856918316
20260303T231623Z,GEN,21,0.12996888021049646
20260303T231623Z,GEN,31,0.08440266706863594
20260303T231623Z,GEN,42,0.06931359681851317
20260303T231623Z,GEV,10,0.16499908930848156
20260303T231623Z,GEV,21,0.013621069729667017
20260303T231623Z,GEV,31,-0.07241884448611273
20260303T231623Z,GEV,42,-0.10072918556140033
20260303T231623Z,GILD,10,0.2754548858090476
20260303T231623Z,GILD,21,0.27750888458012246
20260303T231623Z,GILD,31,0.2387707294250907
20260303T231623Z,GILD,42,0.2016879847155132
20260303T231623Z,GIS,10,0.0882722469247536
20260303T231623Z,GIS,21,0.07755776258098852
20260303T231623Z,GIS,31,-0.0021079012039406926
20260303T231623Z,GIS,42,0.03478596459575566
20260303T231623Z,GL,10,0.3157875143241823
20260303T231623Z,GL,21,0.3120410794184923
20260303T231623Z,GL,31,0.30677020361920726
20260303T231623Z,GL,42,0.27705868523351207
20260303T231623Z,GLW,10,0.3137922755645417
20260303T231623Z,GLW,21,0.34669367911675275
20260303T231623Z,GLW,31,0.31964957635912633
20260303T231623Z,GLW,42,0.27449090043869934
20260303T231623Z,GM,10,0.5101013560577817
20260303T231623Z,GM,21,0.5480556850524485
20260303T231623Z,GM,31,0.5506057512148778
20260303T231623Z,GM,42,0.5315400811911473
20260303T231623Z,GNRC,10,0.5837502833921837
20260303T231623Z,GNRC,21,0.6254714369789189
20260303T231623Z,GNRC,31,0.6172520975756938
20260303T231623Z,GNRC,42,0.6104520193051666
20260303T231623Z,GOOG,10,0.35934920687020133
20260303T231623Z,GOOG,21,0.3516617016647936
20260303T231623Z,GOOG,31,0.3161627046837311
20260303T231623Z,GOOG,42,0.3022361772611142
20260303T231623Z,GOOGL,10,0.3529248956884637
20260303T231623Z,GOOGL,21,0.3460445417762783
20260303T231623Z,GOOGL,31,0.31183817996202434
20260303T231623Z,GOOGL,42,0.2971465446953178
20260303T231623Z,GPC,10,0.35884520577336787
20260303T231623Z,GPC,21,0.29210954409408374
20260303T231623Z,GPC,31,0.2334783552617373
20260303T231623Z,GPC,42,0.1587330739458777
20260303T231623Z,GPN,10,0.33142438895913384
20260303T231623Z,GPN,21,0.28461396109222664
20260303T231623Z,GPN,31,0.26633351003455974
20260303T231623Z,GPN,42,0.2593287917533425
20260303T231623Z,GRMN,10,0.29316772705384797
20260303T231623Z,GRMN,21,0.2603577887473576
20260303T231623Z,GRMN,31,0.21931760255190444
20260303T231623Z,GRMN,42,0.19732057387839189
20260303T231623Z,GS,10,0.21986116305517675
20260303T231623Z,GS,21,0.2424741944330568
20260303T231623Z,GS,31,0.248521951185249
20260303T231623Z,GS,42,0.2683287501525513
20260303T231623Z,GWW,10,0.2360841838546695
20260303T231623Z,GWW,21,0.19021650349279567
20260303T231623Z,GWW,31,0.17720170729897328
20260303T231623Z,GWW,42,0.20361936214894166
20260303T231623Z,HAL,10,0.6207352371242002
20260303T231623Z,HAL,21,0.6634282889515761
20260303T231623Z,HAL,31,0.6818459634413706
20260303T231623Z,HAL,42,0.6662458502401415
20260303T231623Z,HAS,10,0.27464265240044367
20260303T231623Z,HAS,21,0.24453650767614465
20260303T231623Z,HAS,31,0.1765643598371095
20260303T231623Z,HAS,42,0.1677785542179665
20260303T231623Z,HBAN,10,0.3740242299105613
20260303T231623Z,HBAN,21,0.35697643517293726
20260303T231623Z,HBAN,31,0.3720078788837147
20260303T231623Z,HBAN,42,0.35876724997066783
20260303T231623Z,HCA,10,0.36631433824521936
20260303T231623Z,HCA,21,0.33305697380890104
20260303T231623Z,HCA,31,0.3180435303244011
20260303T231623Z,HCA,42,0.2945577852557636
20260303T231623Z,HD,10,0.37289272631485115
20260303T231623Z,HD,21,0.3678832227822243
20260303T231623Z,HD,31,0.34255260045726904
20260303T231623Z,HD,42,0.34183074960426646
20260303T231623Z,HIG,10,0.5520633598890203
20260303T231623Z,HIG,21,0.5464996116358415
20260303T231623Z,HIG,31,0.5080399020761027
20260303T231623Z,HIG,42,0.4874768659276008
20260303T231623Z,HII,10,0.16194586311614867
20260303T231623Z,HII,21,0.21692855395832608
20260303T231623Z,HII,31,0.16625414159094667
20260303T231623Z,HII,42,0.1567439752956239
20260303T231623Z,HLT,10,0.5906740905612228
20260303T231623Z,HLT,21,0.6607100756083104
20260303T231623Z,HLT,31,0.6759847086067322
20260303T231623Z,HLT,42,0.6800898813231024
20260303T231623Z,HOLX,10,0.4331307350711455
20260303T231623Z,HOLX,21,0.4385293719537106
20260303T231623Z,HOLX,31,0.4343680563272532
20260303T231623Z,HOLX,42,0.4181194593237814
20260303T231623Z,HON,10,0.3763640203039861
20260303T231623Z,HON,21,0.39602930677136405
20260303T231623Z,HON,31,0.40316423458727596
20260303T231623Z,HON,42,0.4145733617955492
20260303T231623Z,HOOD,10,0.3425584973331533
20260303T231623Z,HOOD,21,0.3888326173699715
20260303T231623Z,HOOD,31,0.3419998344455601
20260303T231623Z,HOOD,42,0.36089323386759
20260303T231623Z,HPE,10,0.2328866113834751
20260303T231623Z,HPE,21,0.12903937130619322
20260303T231623Z,HPE,31,0.15484172123396134
20260303T231623Z,HPE,42,0.1566193538364009
20260303T231623Z,HPQ,10,0.315284419960963
20260303T231623Z,HPQ,21,0.24022259691082098
20260303T231623Z,HPQ,31,0.20592551470144443
20260303T231623Z,HPQ,42,0.19688145862341547
20260303T231623Z,HRL,10,0.06770713771875408
20260303T231623Z,HRL,21,0.0381083735563643
20260303T231623Z,HRL,31,0.00748213832006346
20260303T231623Z,HRL,42,-0.03149434891623783
20260303T231623Z,HSIC,10,0.22061598666069196
20260303T231623Z,HSIC,21,0.19314935872687677
20260303T231623Z,HSIC,31,0.16140441804013828
20260303T231623Z,HSIC,42,0.128590304201001
20260303T231623Z,HST,10,0.6527329566505465
20260303T231623Z,HST,21,0.7028575101347964
20260303T231623Z,HST,31,0.696250461500953
20260303T231623Z,HST,42,0.6700896262337922
20260303T231623Z,HSY,10,0.18830727236645828
20260303T231623Z,HSY,21,0.22985496876780195
20260303T231623Z,HSY,31,0.23774594350093925
20260303T231623Z,HSY,42,0.2323040722470819
20260303T231623Z,HUBB,10,0.3606373290637794
20260303T231623Z,HUBB,21,0.3766440768838114
20260303T231623Z,HUBB,31,0.34677077149432844
20260303T231623Z,HUBB,42,0.3091010524162257
20260303T231623Z,HUM,10,0.14861862819703897
20260303T231623Z,HUM,21,0.1489356474618695
20260303T231623Z,HUM,31,0.08052839037070604
20260303T231623Z,HUM,42,0.09381340627345074
20260303T231623Z,HWM,10,0.44418521362757296
20260303T231623Z,HWM,21,0.4474644994166581
20260303T231623Z,HWM,31,0.4166799790330137
20260303T231623Z,HWM,42,0.43466436726362995
20260303T231623Z,IBKR,10,0.19897864169159127
20260303T231623Z,IBKR,21,0.20352876786737167
20260303T231623Z,IBKR,31,0.21286183296637085
20260303T231623Z,IBKR,42,0.28362576766147596
20260303T231623Z,IBM,10,0.3097288988045644
20260303T231623Z,IBM,21,0.21621623061744893
20260303T231623Z,IBM,31,0.16667232754143166
20260303T231623Z,IBM,42,0.11100796831781244
20260303T231623Z,ICE,10,0.38296044309101646
20260303T231623Z,ICE,21,0.47089254574100003
20260303T231623Z,ICE,31,0.4889852449224765
20260303T231623Z,ICE,42,0.47793429000299087
20260303T231623Z,IDXX,10,0.33468876205371373
20260303T231623Z,IDXX,21,0.3737312982504474
20260303T231623Z,IDXX,31,0.36232812532110104
20260303T231623Z,IDXX,42,0.39027482431045113
20260303T231623Z,IEX,10,0.23222687480289367
20260303T231623Z,IEX,21,0.25719906901798834
20260303T231623Z,IEX,31,0.27261071626385486
20260303T231623Z,IEX,42,0.26332740762484325
20260303T231623Z,IFF,10,0.2448396393321401
20260303T231623Z,IFF,21,0.20992665606445018
20260303T231623Z,IFF,31,0.1832055379682356
20260303T231623Z,IFF,42,0.15886028152890305
20260303T231623Z,INCY,10,0.3609359871253394
20260303T231623Z,INCY,21,0.41105260044570413
20260303T231623Z,INCY,31,0.43686593221434666
20260303T231623Z,INCY,42,0.40138833904399174
20260303T231623Z,INTC,10,0.26204972177655483
20260303T231623Z,INTC,21,0.23796398845421368
20260303T231623Z,INTC,31,0.21753698184309425
20260303T231623Z,INTC,42,0.17773355785382233
20260303T231623Z,INTU,10,0.5214521151773948
20260303T231623Z,INTU,21,0.5044974906767347
20260303T231623Z,INTU,31,0.47485246885161386
20260303T231623Z,INTU,42,0.460769919716186
20260303T231623Z,INVH,10,0.5033093643954615
20260303T231623Z,INVH,21,0.5597377009817002
20260303T231623Z,INVH,31,0.5584524684911055
20260303T231623Z,INVH,42,0.5688551510820476
20260303T231623Z,IP,10,0.2420255487224749
20260303T231623Z,IP,21,0.2628373748480696
20260303T231623Z,IP,31,0.2607795662144663
20260303T231623Z,IP,42,0.24428302816929637
20260303T231623Z,IQV,10,0.3611581154419289
20260303T231623Z,IQV,21,0.314521337050659
20260303T231623Z,IQV,31,0.32283270486078236
20260303T231623Z,IQV,42,0.3040472942246476
20260303T231623Z,IR,10,0.33667724314905595
20260303T231623Z,IR,21,0.3355228044636754
20260303T231623Z,IR,31,0.34162399726448656
20260303T231623Z,IR,42,0.31014583881492075
20260303T231623Z,IRM,10,0.3556661013367023
20260303T231623Z,IRM,21,0.2804331011459801
20260303T231623Z,IRM,31,0.25172543276624104
20260303T231623Z,IRM,42,0.2639724912601918
20260303T231623Z,ISRG,10,0.3072752919236457
20260303T231623Z,ISRG,21,0.2628113019094179
20260303T231623Z,ISRG,31,0.28825643560085706
20260303T231623Z,ISRG,42,0.27142692646774974
20260303T231623Z,IT,10,0.3565030628702903
20260303T231623Z,IT,21,0.29794276192887303
20260303T231623Z,IT,31,0.2506901444296966
20260303T231623Z,IT,42,0.2334477407461544
20260303T231623Z,ITW,10,0.47797963593749365
20260303T231623Z,ITW,21,0.5252320425846708
20260303T231623Z,ITW,31,0.5242904709847059
20260303T231623Z,ITW,42,0.5294457284447557
20260303T231623Z,IVZ,10,0.4067878281843112
20260303T231623Z,IVZ,21,0.43240129341629685
20260303T231623Z,IVZ,31,0.41760289155695346
20260303T231623Z,IVZ,42,0.42491528230726355
20260303T231623Z,J,10,0.258451942018048
20260303T231623Z,J,21,0.20169947603904234
20260303T231623Z,J,31,0.23094627577343207
20260303T231623Z,J,42,0.26438145684104536
20260303T231623Z,JBHT,10,0.1439436167764346
20260303T231623Z,JBHT,21,0.1487145787127662
20260303T231623Z,JBHT,31,0.16768127046476056
20260303T231623Z,JBHT,42,0.13682229047519653
20260303T231623Z,JBL,10,0.22817936945098327
20260303T231623Z,JBL,21,0.20965668217154937
20260303T231623Z,JBL,31,0.2292180144319384
20260303T231623Z,JBL,42,0.2106754885862483
20260303T231623Z,JCI,10,0.27886198377225635
20260303T231623Z,JCI,21,0.2923302772131479
20260303T231623Z,JCI,31,0.2640462559313212
20260303T231623Z,JCI,42,0.299631638276769
20260303T231623Z,JKHY,10,0.3125738719043751
20260303T231623Z,JKHY,21,0.326309579037077
20260303T231623Z,JKHY,31,0.28458481084957893
20260303T231623Z,JKHY,42,0.2731700234239401
20260303T231623Z,JNJ,10,0.2549181083982508
20260303T231623Z,JNJ,21,0.2193373774320059
20260303T231623Z,JNJ,31,0.1539035429694546
20260303T231623Z,JNJ,42,0.07889876183229005
20260303T231623Z,JPM,10,0.4161422918783394
20260303T231623Z,JPM,21,0.5006924839659456
20260303T231623Z,JPM,31,0.4996265684784959
20260303T231623Z,JPM,42,0.48696256626739903
20260303T231623Z,KDP,10,0.10621910754783284
20260303T231623Z,KDP,21,0.07889686199482622
20260303T231623Z,KDP,31,0.10168261383503342
20260303T231623Z,KDP,42,0.11588284596373441
20260303T231623Z,KEY,10,0.3991116677233832
20260303T231623Z,KEY,21,0.3874547041084966
20260303T231623Z,KEY,31,0.3893468772443553
20260303T231623Z,KEY,42,0.37715686557643646
20260303T231623Z,KEYS,10,0.32263277480143165
20260303T231623Z,KEYS,21,0.27895458961238356
20260303T231623Z,KEYS,31,0.25507112520440506
20260303T231623Z,KEYS,42,0.2329799303748058
20260303T231623Z,KHC,10,0.31434872441830713
20260303T231623Z,KHC,21,0.40356612326438673
20260303T231623Z,KHC,31,0.4951917982207409
20260303T231623Z,KHC,42,0.5758776959971669
20260303T231623Z,KIM,10,0.5439139772967004
20260303T231623Z,KIM,21,0.5754915880320365
20260303T231623Z,KIM,31,0.5768840085792344
20260303T231623Z,KIM,42,0.5818264739303628
20260303T231623Z,KKR,10,0.43357663739013624
20260303T231623Z,KKR,21,0.4704967436417868
20260303T231623Z,KKR,31,0.4932514626341038
20260303T231623Z,KKR,42,0.49304838590977296
20260303T231623Z,KLAC,10,0.36448235437395415
20260303T231623Z,KLAC,21,0.37295904072724395
20260303T231623Z,KLAC,31,0.3711063283671298
20260303T231623Z,KLAC,42,0.3414870046183924
20260303T231623Z,KMB,10,0.08618411080745986
20260303T231623Z,KMB,21,0.025596567376458868
20260303T231623Z,KMB,31,0.0946105127852011
20260303T231623Z,KMB,42,0.06054000607358221
20260303T231623Z,KMI,10,0.48506065651188857
20260303T231623Z,KMI,21,0.5554320748707353
20260303T231623Z,KMI,31,0.549250414895567
20260303T231623Z,KMI,42,0.5378177119981891
20260303T231623Z,KO,10,0.44100789052977946
20260303T231623Z,KO,21,0.4267206665060635
20260303T231623Z,KO,31,0.41133956191935206
20260303T231623Z,KO,42,0.42307879012090305
20260303T231623Z,KR,10,0.1716759180060712
20260303T231623Z,KR,21,0.1791795081242313
20260303T231623Z,KR,31,0.12341534145774631
20260303T231623Z,KR,42,0.12203311303005433
20260303T231623Z,KVUE,10,-0.006569310017585879
20260303T231623Z,KVUE,21,-0.06304200829093527
20260303T231623Z,KVUE,31,-0.02603921337729628
20260303T231623Z,KVUE,42,0.021600837263981876
20260303T231623Z,L,10,0.4265699247822879
20260303T231623Z,L,21,0.4387538386416775
20260303T231623Z,L,31,0.46078303126570397
20260303T231623Z,L,42,0.4877893374782157
20260303T231623Z,LDOS,10,0.25427714054822065
20260303T231623Z,LDOS,21,0.17754871953404122
20260303T231623Z,LDOS,31,0.1182486722325132
20260303T231623Z,LDOS,42,0.05791031808265847
20260303T231623Z,LEN,10,0.514627527512587
20260303T231623Z,LEN,21,0.5813217182819854
20260303T231623Z,LEN,31,0.5935807661471109
20260303T231623Z,LEN,42,0.5773833228017345
20260303T231623Z,LH,10,0.356786806234841
20260303T231623Z,LH,21,0.3949430243516867
20260303T231623Z,LH,31,0.39928324685192607
20260303T231623Z,LH,42,0.36944372657926156
20260303T231623Z,LHX,10,0.24073654835382163
20260303T231623Z,LHX,21,0.24216886659884584
20260303T231623Z,LHX,31,0.2385101764912526
20260303T231623Z,LHX,42,0.26864979514157417
20260303T231623Z,LII,10,0.3489556657222221
20260303T231623Z,LII,21,0.34374184946945074
20260303T231623Z,LII,31,0.3384390848424276
20260303T231623Z,LII,42,0.35104024116232896
20260303T231623Z,LIN,10,0.46174554513430865
20260303T231623Z,LIN,21,0.46555059331117876
20260303T231623Z,LIN,31,0.4782564236087407
20260303T231623Z,LIN,42,0.5101191758404314
20260303T231623Z,LLY,10,0.12007262279403827
20260303T231623Z,LLY,21,0.11202862907933825
20260303T231623Z,LLY,31,0.07284608426380425
20260303T231623Z,LLY,42,0.014587842565352543
20260303T231623Z,LMT,10,0.3341175198767298
20260303T231623Z,LMT,21,0.31120290962316544
20260303T231623Z,LMT,31,0.2605288006351561
20260303T231623Z,LMT,42,0.22154505833684954
20260303T231623Z,LNT,10,0.381808775722588
20260303T231623Z,LNT,21,0.36336080150023625
20260303T231623Z,LNT,31,0.3754119189524515
20260303T231623Z,LNT,42,0.3696865289449098
20260303T231623Z,LOW,10,0.33882896128368667
20260303T231623Z,LOW,21,0.28205787150047074
20260303T231623Z,LOW,31,0.22398011501541892
20260303T231623Z,LOW,42,0.15811421337736142
20260303T231623Z,LRCX,10,0.4009738522496746
20260303T231623Z,LRCX,21,0.38716467916227093
20260303T231623Z,LRCX,31,0.38581185833937987
20260303T231623Z,LRCX,42,0.38071217640875976
20260303T231623Z,LULU,10,0.28933420369526824
20260303T231623Z,LULU,21,0.23935057682070204
20260303T231623Z,LULU,31,0.24268556695697938
20260303T231623Z,LULU,42,0.2597537044628565
20260303T231623Z,LUV,10,0.4053497665211813
20260303T231623Z,LUV,21,0.4400206754315925
20260303T231623Z,LUV,31,0.43274746705834555
20260303T231623Z,LUV,42,0.4410535746491539
20260303T231623Z,LVS,10,0.5081403411373533
20260303T231623Z,LVS,21,0.5229964085329925
20260303T231623Z,LVS,31,0.5660837075488114
20260303T231623Z,LVS,42,0.5604677041079404
20260303T231623Z,LW,10,0.2971277361817996
20260303T231623Z,LW,21,0.22679054811302435
20260303T231623Z,LW,31,0.17109992115071818
20260303T231623Z,LW,42,0.1975750233229613
20260303T231623Z,LYB,10,0.5849621721356338
20260303T231623Z,LYB,21,0.6607962068166223
20260303T231623Z,LYB,31,0.6643657333574993
20260303T231623Z,LYB,42,0.6591140825381597
20260303T231623Z,LYV,10,0.37992592339783415
20260303T231623Z,LYV,21,0.36725158939018293
20260303T231623Z,LYV,31,0.4196887227978301
20260303T231623Z,LYV,42,0.4916563809686388
20260303T231623Z,MA,10,0.5582786368443148
20260303T231623Z,MA,21,0.56202789331444
20260303T231623Z,MA,31,0.5534602696606854
20260303T231623Z,MA,42,0.5531833398667237
20260303T231623Z,MAA,10,0.44257055309870513
20260303T231623Z,MAA,21,0.4678406834543496
20260303T231623Z,MAA,31,0.4923243863878039
20260303T231623Z,MAA,42,0.501191465132543
20260303T231623Z,MAR,10,0.53892205176846
20260303T231623Z,MAR,21,0.5777138060531319
20260303T231623Z,MAR,31,0.5957694726140621
20260303T231623Z,MAR,42,0.6158944958991989
20260303T231623Z,MAS,10,0.40317574059774935
20260303T231623Z,MAS,21,0.4242812774023154
20260303T231623Z,MAS,31,0.4166760871816127
20260303T231623Z,MAS,42,0.37462807450104685
20260303T231623Z,MCD,10,0.32251815510502746
20260303T231623Z,MCD,21,0.30805238695709564
20260303T231623Z,MCD,31,0.2897660903456693
20260303T231623Z,MCD,42,0.2751956667838897
20260303T231623Z,MCHP,10,0.3666503330267461
20260303T231623Z,MCHP,21,0.3962966638813683
20260303T231623Z,MCHP,31,0.3543342104039444
20260303T231623Z,MCHP,42,0.33570767905349286
20260303T231623Z,MCK,10,0.32596065137736613
20260303T231623Z,MCK,21,0.3391305597585476
20260303T231623Z,MCK,31,0.32601520768680653
20260303T231623Z,MCK,42,0.34529288761394383
20260303T231623Z,MCO,10,0.45423659848922937
20260303T231623Z,MCO,21,0.4388275282699413
20260303T231623Z,MCO,31,0.42783720566588906
20260303T231623Z,MCO,42,0.41729674440434844
20260303T231623Z,MDLZ,10,0.17696141817592403
20260303T231623Z,MDLZ,21,0.1869647912554692
20260303T231623Z,MDLZ,31,0.13989142174054037
20260303T231623Z,MDLZ,42,0.13012578378666245
20260303T231623Z,MDT,10,0.3606569009094294
20260303T231623Z,MDT,21,0.38001560639100573
20260303T231623Z,MDT,31,0.4225291560934003
20260303T231623Z,MDT,42,0.4334435949497496
20260303T231623Z,MET,10,0.3660467875722998
20260303T231623Z,MET,21,0.3675980664390447
20260303T231623Z,MET,31,0.3525467072631831
20260303T231623Z,MET,42,0.3178015841455604
20260303T231623Z,META,10,0.32664277922177587
20260303T231623Z,META,21,0.33907349783304097
20260303T231623Z,META,31,0.36223263530203875
20260303T231623Z,META,42,0.3569310007982039
20260303T231623Z,MGM,10,0.47047884275530794
20260303T231623Z,MGM,21,0.5278332561704763
20260303T231623Z,MGM,31,0.5262931208848746
20260303T231623Z,MGM,42,0.5470210815527963
20260303T231623Z,MKC,10,0.1562680507257984
20260303T231623Z,MKC,21,0.2017930415385124
20260303T231623Z,MKC,31,0.1834623927121779
20260303T231623Z,MKC,42,0.20117643495425877
20260303T231623Z,MLM,10,0.44716168452035565
20260303T231623Z,MLM,21,0.49645489056066483
20260303T231623Z,MLM,31,0.49809884362555223
20260303T231623Z,MLM,42,0.4902111110181147
20260303T231623Z,MMM,10,0.14832009507908722
20260303T231623Z,MMM,21,0.11232858831153955
20260303T231623Z,MMM,31,0.09968032518805706
20260303T231623Z,MMM,42,0.08218118137696448
20260303T231623Z,MNST,10,0.1917063667991034
20260303T231623Z,MNST,21,0.14424159514881005
20260303T231623Z,MNST,31,0.17154623271056188
20260303T231623Z,MNST,42,0.2156510422416948
20260303T231623Z,MO,10,0.33387613596519816
20260303T231623Z,MO,21,0.31741652447961344
20260303T231623Z,MO,31,0.260486925058934
20260303T231623Z,MO,42,0.22247499265416104
20260303T231623Z,MOH,10,0.25535671758033623
20260303T231623Z,MOH,21,0.30738728249643626
20260303T231623Z,MOH,31,0.3755159412505181
20260303T231623Z,MOH,42,0.37616434249263914
20260303T231623Z,MOS,10,0.44006853949412755
20260303T231623Z,MOS,21,0.557353833660666
20260303T231623Z,MOS,31,0.5916895721673975
20260303T231623Z,MOS,42,0.6019258624006364
20260303T231623Z,MPC,10,0.39007362907201015
20260303T231623Z,MPC,21,0.45336543243954147
20260303T231623Z,MPC,31,0.43899122571115096
20260303T231623Z,MPC,42,0.4579322944218919
20260303T231623Z,MPWR,10,0.48989457970513234
20260303T231623Z,MPWR,21,0.4486241831440291
20260303T231623Z,MPWR,31,0.43082382360374577
20260303T231623Z,MPWR,42,0.396934542530934
20260303T231623Z,MRK,10,0.1274719689059482
20260303T231623Z,MRK,21,0.11692318097676352
20260303T231623Z,MRK,31,0.05910257154248908
20260303T231623Z,MRK,42,0.03823660025803536
20260303T231623Z,MRNA,10,0.31804991821646555
20260303T231623Z,MRNA,21,0.32863572385003226
20260303T231623Z,MRNA,31,0.35624320634508977
20260303T231623Z,MRNA,42,0.3935259247151748
20260303T231623Z,MRSH,10,0.304031916494889
20260303T231623Z,MRSH,21,0.40157041937226934
20260303T231623Z,MRSH,31,0.41769925305278865
20260303T231623Z,MRSH,42,0.4301675131223169
20260303T231623Z,MS,10,0.27824878910143463
20260303T231623Z,MS,21,0.30154718876349185
20260303T231623Z,MS,31,0.26119832197668746
20260303T231623Z,MS,42,0.2678269240644447
20260303T231623Z,MSCI,10,0.42953859919391485
20260303T231623Z,MSCI,21,0.3781299825626639
20260303T231623Z,MSCI,31,0.3628149791721892
20260303T231623Z,MSCI,42,0.3760731578240801
20260303T231623Z,MSFT,10,0.49682922840955124
20260303T231623Z,MSFT,21,0.5650735147381154
20260303T231623Z,MSFT,31,0.5802908794317173
20260303T231623Z,MSFT,42,0.5548024095246825
20260303T231623Z,MSI,10,0.39389334794678543
20260303T231623Z,MSI,21,0.40873060890881063
20260303T231623Z,MSI,31,0.4063992829936023
20260303T231623Z,MSI,42,0.4165193152168886
20260303T231623Z,MTB,10,0.3197709950014007
20260303T231623Z,MTB,21,0.3855975108781525
20260303T231623Z,MTB,31,0.39864970185923015
20260303T231623Z,MTB,42,0.3622209570274872
20260303T231623Z,MTCH,10,0.2908323346754341
20260303T231623Z,MTCH,21,0.27839589004063664
20260303T231623Z,MTCH,31,0.30161989506689696
20260303T231623Z,MTCH,42,0.23956987657476586
20260303T231623Z,MTD,10,0.26061037854898594
20260303T231623Z,MTD,21,0.2780369418796241
20260303T231623Z,MTD,31,0.2898917692139717
20260303T231623Z,MTD,42,0.2906408360507867
20260303T231623Z,MU,10,0.35502867831532947
20260303T231623Z,MU,21,0.36617777011323566
20260303T231623Z,MU,31,0.40364480933648667
20260303T231623Z,MU,42,0.38622212455383526
20260303T231623Z,NCLH,10,0.6537327441118901
20260303T231623Z,NCLH,21,0.6467812723658294
20260303T231623Z,NCLH,31,0.6261882688217438
20260303T231623Z,NCLH,42,0.6120545438647492
20260303T231623Z,NDAQ,10,0.27775778213986063
20260303T231623Z,NDAQ,21,0.2894633050541705
20260303T231623Z,NDAQ,31,0.30157476448768494
20260303T231623Z,NDAQ,42,0.26954593464813736
20260303T231623Z,NDSN,10,0.3552257929215444
20260303T231623Z,NDSN,21,0.37266861067236906
20260303T231623Z,NDSN,31,0.32775761749095295
20260303T231623Z,NDSN,42,0.2812798410573643
20260303T231623Z,NEE,10,0.4585265194298939
20260303T231623Z,NEE,21,0.4495275681326325
20260303T231623Z,NEE,31,0.4087701653487144
20260303T231623Z,NEE,42,0.37080465233007615
20260303T231623Z,NEM,10,0.3499936686611421
20260303T231623Z,NEM,21,0.4015607770564913
20260303T231623Z,NEM,31,0.41517704657698484
20260303T231623Z,NEM,42,0.40260818964659045
20260303T231623Z,NFLX,10,0.4577819947475171
20260303T231623Z,NFLX,21,0.46717943664992684
20260303T231623Z,NFLX,31,0.457017488132963
20260303T231623Z,NFLX,42,0.4540948599542072
20260303T231623Z,NI,10,0.42552082685095405
20260303T231623Z,NI,21,0.40631130735466214
20260303T231623Z,NI,31,0.3879804053885003
20260303T231623Z,NI,42,0.3959234785772255
20260303T231623Z,NKE,10,0.32543412116305387
20260303T231623Z,NKE,21,0.2667276113091853
20260303T231623Z,NKE,31,0.28508880746812987
20260303T231623Z,NKE,42,0.2477027788861959
20260303T231623Z,NOC,10,0.3111856698805774
20260303T231623Z,NOC,21,0.29877408137343714
20260303T231623Z,NOC,31,0.2863979517942102
20260303T231623Z,NOC,42,0.30223079553367277
20260303T231623Z,NOW,10,0.420017732032583
20260303T231623Z,NOW,21,0.4647496497160546
20260303T231623Z,NOW,31,0.4721663316359871
20260303T231623Z,NOW,42,0.44977982288498847
20260303T231623Z,NRG,10,0.3213770951081938
20260303T231623Z,NRG,21,0.3387479787439236
20260303T231623Z,NRG,31,0.3539267614942144
20260303T231623Z,NRG,42,0.33865057145480537
20260303T231623Z,NSC,10,0.25368107029136594
20260303T231623Z,NSC,21,0.23666945464142247
20260303T231623Z,NSC,31,0.22591451785633188
20260303T231623Z,NSC,42,0.18453586709479392
20260303T231623Z,NTAP,10,0.33448137708289943
20260303T231623Z,NTAP,21,0.3238534417928652
20260303T231623Z,NTAP,31,0.2720798155931313
20260303T231623Z,NTAP,42,0.20091731601369275
20260303T231623Z,NTRS,10,0.2500850468830096
20260303T231623Z,NTRS,21,0.2376283030187003
20260303T231623Z,NTRS,31,0.25642360501651523
20260303T231623Z,NTRS,42,0.278152375652269
20260303T231623Z,NUE,10,0.5083624301859516
20260303T231623Z,NUE,21,0.5729070641926551
20260303T231623Z,NUE,31,0.5890594478178665
20260303T231623Z,NUE,42,0.5650631432691352
20260303T231623Z,NVDA,10,0.461290939600548
20260303T231623Z,NVDA,21,0.426295057899296
20260303T231623Z,NVDA,31,0.39986283849414794
20260303T231623Z,NVDA,42,0.35272629485462004
20260303T231623Z,NVR,10,0.40031041239924375
20260303T231623Z,NVR,21,0.4500622604548761
20260303T231623Z,NVR,31,0.4913456174166763
20260303T231623Z,NVR,42,0.5046477910289326
20260303T231623Z,NWS,10,0.3285620364966403
20260303T231623Z,NWS,21,0.33037082274439916
20260303T231623Z,NWS,31,0.339374261353605
20260303T231623Z,NWS,42,0.36748593564278564
20260303T231623Z,NWSA,10,0.3663661455468969
20260303T231623Z,NWSA,21,0.3599268889106828
20260303T231623Z,NWSA,31,0.374786984448214
20260303T231623Z,NWSA,42,0.3995533756575917
20260303T231623Z,NXPI,10,0.3971653176127477
20260303T231623Z,NXPI,21,0.4020989292255774
20260303T231623Z,NXPI,31,0.37125801001675407
20260303T231623Z,NXPI,42,0.32704055903845936
20260303T231623Z,O,10,0.361229687032941
20260303T231623Z,O,21,0.3677416245356104
20260303T231623Z,O,31,0.3746899227915525
20260303T231623Z,O,42,0.3643163381294408
20260303T231623Z,ODFL,10,0.39415186698173615
20260303T231623Z,ODFL,21,0.455829055069696
20260303T231623Z,ODFL,31,0.4653924208886606
20260303T231623Z,ODFL,42,0.44455489300574536
20260303T231623Z,OKE,10,0.5657817753965184
20260303T231623Z,OKE,21,0.5619261562990628
20260303T231623Z,OKE,31,0.5442039349798181
20260303T231623Z,OKE,42,0.5457810765646803
20260303T231623Z,OMC,10,0.4292123357345633
20260303T231623Z,OMC,21,0.47626891780749875
20260303T231623Z,OMC,31,0.422845423952557
20260303T231623Z,OMC,42,0.38042068712033505
20260303T231623Z,ON,10,0.3861828172841326
20260303T231623Z,ON,21,0.3733559085176787
20260303T231623Z,ON,31,0.3223284065771946
20260303T231623Z,ON,42,0.23353457585155862
20260303T231623Z,ORCL,10,0.24687586316510873
20260303T231623Z,ORCL,21,0.1833426892750091
20260303T231623Z,ORCL,31,0.13999778287370718
20260303T231623Z,ORCL,42,0.06944839131435276
20260303T231623Z,ORLY,10,0.27502444436912526
20260303T231623Z,ORLY,21,0.22764421057696493
20260303T231623Z,ORLY,31,0.18685953579828823
20260303T231623Z,ORLY,42,0.13925496458405337
20260303T231623Z,OTIS,10,0.3919285186431038
20260303T231623Z,OTIS,21,0.4714280122664404
20260303T231623Z,OTIS,31,0.5614457650988508
20260303T231623Z,OTIS,42,0.6098788632208598
20260303T231623Z,OXY,10,0.7661000606710098
20260303T231623Z,OXY,21,0.7932718920495083
20260303T231623Z,OXY,31,0.8020088716484465
20260303T231623Z,OXY,42,0.7984572438465559
20260303T231623Z,PANW,10,0.24233938207771294
20260303T231623Z,PANW,21,0.13662186641890464
20260303T231623Z,PANW,31,0.038285825596388615
20260303T231623Z,PANW,42,0.008854139484872512
20260303T231623Z,PAYC,10,0.2778517218841884
20260303T231623Z,PAYC,21,0.22277842504326484
20260303T231623Z,PAYC,31,0.1892873248418275
20260303T231623Z,PAYC,42,0.15632270372654442
20260303T231623Z,PAYX,10,0.43836655409253505
20260303T231623Z,PAYX,21,0.47331997866515374
20260303T231623Z,PAYX,31,0.48541460719759816
20260303T231623Z,PAYX,42,0.46897062874639805
20260303T231623Z,PCAR,10,0.2301627349980214
20260303T231623Z,PCAR,21,0.18160668557446202
20260303T231623Z,PCAR,31,0.1616504761551702
20260303T231623Z,PCAR,42,0.11529874000449107
20260303T231623Z,PCG,10,0.7741376901302808
20260303T231623Z,PCG,21,0.8313547802572437
20260303T231623Z,PCG,31,0.8383453340526517
20260303T231623Z,PCG,42,0.8398174950722964
20260303T231623Z,PEG,10,0.4612235878560588
20260303T231623Z,PEG,21,0.5249234957790305
20260303T231623Z,PEG,31,0.5623405472169505
20260303T231623Z,PEG,42,0.5566686463463417
20260303T231623Z,PEP,10,0.21307937036110822
20260303T231623Z,PEP,21,0.20935242732781484
20260303T231623Z,PEP,31,0.21324833663947043
20260303T231623Z,PEP,42,0.19995993983777177
20260303T231623Z,PFE,10,0.3637914162202532
20260303T231623Z,PFE,21,0.3304975265598719
20260303T231623Z,PFE,31,0.291390921546391
20260303T231623Z,PFE,42,0.25509715432020597
20260303T231623Z,PFG,10,0.3981358153050312
20260303T231623Z,PFG,21,0.40488299644692705
20260303T231623Z,PFG,31,0.3877942072998484
20260303T231623Z,PFG,42,0.39884602699732336
20260303T231623Z,PG,10,0.23713909344869633
20260303T231623Z,PG,21,0.2635544463542864
20260303T231623Z,PG,31,0.2737730949631331
20260303T231623Z,PG,42,0.26913597879896467
20260303T231623Z,PGR,10,0.19084086457557034
20260303T231623Z,PGR,21,0.24779630018869156
20260303T231623Z,PGR,31,0.2559602363471823
20260303T231623Z,PGR,42,0.2763520145261698
20260303T231623Z,PH,10,0.29272804335673147
20260303T231623Z,PH,21,0.28975166577026945
20260303T231623Z,PH,31,0.2686906871139251
20260303T231623Z,PH,42,0.28038742648317033
20260303T231623Z,PHM,10,0.46298107320844223
20260303T231623Z,PHM,21,0.49004725420861167
20260303T231623Z,PHM,31,0.48958991059906165
20260303T231623Z,PHM,42,0.4813116991318042
20260303T231623Z,PKG,10,0.2910889188693655
20260303T231623Z,PKG,21,0.3031199957220526
20260303T231623Z,PKG,31,0.3232025908870389
20260303T231623Z,PKG,42,0.32339764373842245
20260303T231623Z,PLD,10,0.48780507991759986
20260303T231623Z,PLD,21,0.5067168546891478
20260303T231623Z,PLD,31,0.5046685420399911
20260303T231623Z,PLD,42,0.4977985697307102
20260303T231623Z,PLTR,10,0.2330423744059389
20260303T231623Z,PLTR,21,0.19319678606996427
20260303T231623Z,PLTR,31,0.1310091783556257
20260303T231623Z,PLTR,42,0.13856655635177273
20260303T231623Z,PM,10,0.39790068214373014
20260303T231623Z,PM,21,0.39755149704653164
20260303T231623Z,PM,31,0.3613582461579103
20260303T231623Z,PM,42,0.28642505814565156
20260303T231623Z,PNC,10,0.3895694352050381
20260303T231623Z,PNC,21,0.36000283035909614
20260303T231623Z,PNC,31,0.3676020048107157
20260303T231623Z,PNC,42,0.3709920415658271
20260303T231623Z,PNR,10,0.4461061823366439
20260303T231623Z,PNR,21,0.4298068608383322
20260303T231623Z,PNR,31,0.37303532358293834
20260303T231623Z,PNR,42,0.30672012363576134
20260303T231623Z,PNW,10,0.2813028071371409
20260303T231623Z,PNW,21,0.2897886875913337
20260303T231623Z,PNW,31,0.3236273948470353
20260303T231623Z,PNW,42,0.2815511974291187
20260303T231623Z,PODD,10,0.3347188020669578
20260303T231623Z,PODD,21,0.27314003962210764
20260303T231623Z,PODD,31,0.20898924343667563
20260303T231623Z,PODD,42,0.20267726657492782
20260303T231623Z,POOL,10,0.4561275557435953
20260303T231623Z,POOL,21,0.4786969383216752
20260303T231623Z,POOL,31,0.46690782216621135
20260303T231623Z,POOL,42,0.4379337800148066
20260303T231623Z,PPG,10,0.4681822043143603
20260303T231623Z,PPG,21,0.5046270232549298
20260303T231623Z,PPG,31,0.4993375584761845
20260303T231623Z,PPG,42,0.5117682582459048
20260303T231623Z,PPL,10,0.3858205454212065
20260303T231623Z,PPL,21,0.3434911021274699
20260303T231623Z,PPL,31,0.31249365339591517
20260303T231623Z,PPL,42,0.3365974176792089
20260303T231623Z,PRU,10,0.3788761364917462
20260303T231623Z,PRU,21,0.37404171731498015
20260303T231623Z,PRU,31,0.3136883735665482
20260303T231623Z,PRU,42,0.3058368081039293
20260303T231623Z,PSA,10,0.4128280734236969
20260303T231623Z,PSA,21,0.42281837897503916
20260303T231623Z,PSA,31,0.4218074988401352
20260303T231623Z,PSA,42,0.3997652130946494
20260303T231623Z,PSKY,10,0.5851599476802923
20260303T231623Z,PSKY,21,0.581998808119259
20260303T231623Z,PSKY,31,0.5565544777374145
20260303T231623Z,PSKY,42,0.5243065558019387
20260303T231623Z,PSX,10,0.6066574730898822
20260303T231623Z,PSX,21,0.7075680368662592
20260303T231623Z,PSX,31,0.7035074273544597
20260303T231623Z,PSX,42,0.69862167123566
20260303T231623Z,PTC,10,0.456881187030106
20260303T231623Z,PTC,21,0.5000682078878026
20260303T231623Z,PTC,31,0.5153388589578826
20260303T231623Z,PTC,42,0.5391796889569114
20260303T231623Z,PWR,10,0.35674945166578736
20260303T231623Z,PWR,21,0.4186265774456351
20260303T231623Z,PWR,31,0.4093055612009126
20260303T231623Z,PWR,42,0.36245597436065824
20260303T231623Z,PYPL,10,0.463488608424481
20260303T231623Z,PYPL,21,0.4548488198754391
20260303T231623Z,PYPL,31,0.4686764842770805
20260303T231623Z,PYPL,42,0.42318829244615425
20260303T231623Z,QCOM,10,0.3148130862629645
20260303T231623Z,QCOM,21,0.3165143548169579
20260303T231623Z,QCOM,31,0.29268109449348906
20260303T231623Z,QCOM,42,0.250890014601792
20260303T231623Z,RCL,10,0.623515357351687
20260303T231623Z,RCL,21,0.6485741007660977
20260303T231623Z,RCL,31,0.6474220015067015
20260303T231623Z,RCL,42,0.6316338815011222
20260303T231623Z,REG,10,0.5095864420292205
20260303T231623Z,REG,21,0.5144357182500439
20260303T231623Z,REG,31,0.5161342714505199
20260303T231623Z,REG,42,0.514634723200628
20260303T231623Z,REGN,10,0.445018858800816
20260303T231623Z,REGN,21,0.508168884525816
20260303T231623Z,REGN,31,0.5346026295701797
20260303T231623Z,REGN,42,0.5205835506472398
20260303T231623Z,RF,10,0.4094871455954248
20260303T231623Z,RF,21,0.4038303635925309
20260303T231623Z,RF,31,0.3661370784250663
20260303T231623Z,RF,42,0.32542955244985194
20260303T231623Z,RJF,10,0.40612423483173304
20260303T231623Z,RJF,21,0.41230366354569015
20260303T231623Z,RJF,31,0.3991581452438794
20260303T231623Z,RJF,42,0.3633961084416556
20260303T231623Z,RL,10,0.41000830680439904
20260303T231623Z,RL,21,0.4083291973321748
20260303T231623Z,RL,31,0.3983316277341122
20260303T231623Z,RL,42,0.39640870624481583
20260303T231623Z,RMD,10,0.16608122524357308
20260303T231623Z,RMD,21,0.16084843298573018
20260303T231623Z,RMD,31,0.1643425759105988
20260303T231623Z,RMD,42,0.16751335274468718
20260303T231623Z,ROK,10,0.2121597996835532
20260303T231623Z,ROK,21,0.18577372803110392
20260303T231623Z,ROK,31,0.2133521987943692
20260303T231623Z,ROK,42,0.1995569158668322
20260303T231623Z,ROL,10,0.10950333953649195
20260303T231623Z,ROL,21,0.13260579834383007
20260303T231623Z,ROL,31,0.13928913073536275
20260303T231623Z,ROL,42,0.1374708552845588
20260303T231623Z,ROP,10,0.47080030838010223
20260303T231623Z,ROP,21,0.49263395322596554
20260303T231623Z,ROP,31,0.463747523376601
20260303T231623Z,ROP,42,0.4591572372888849
20260303T231623Z,ROST,10,0.5520849108765372
20260303T231623Z,ROST,21,0.604625826907045
20260303T231623Z,ROST,31,0.6048820210758985
20260303T231623Z,ROST,42,0.582419739871557
20260303T231623Z,RSG,10,0.3250109978487584
20260303T231623Z,RSG,21,0.36263815701287155
20260303T231623Z,RSG,31,0.36813292037847806
20260303T231623Z,RSG,42,0.3653924436680868
20260303T231623Z,RTX,10,0.3871132116479807
20260303T231623Z,RTX,21,0.4168615847540871
20260303T231623Z,RTX,31,0.41702192418904177
20260303T231623Z,RTX,42,0.39380494804895283
20260303T231623Z,RVTY,10,0.3789773122559011
20260303T231623Z,RVTY,21,0.3756115060316225
20260303T231623Z,RVTY,31,0.36346180115076493
20260303T231623Z,RVTY,42,0.3564533410658054
20260303T231623Z,SBAC,10,0.46175524075831
20260303T231623Z,SBAC,21,0.46871424733688866
20260303T231623Z,SBAC,31,0.45892353446041495
20260303T231623Z,SBAC,42,0.4727972426283355
20260303T231623Z,SBUX,10,0.4082183146949628
20260303T231623Z,SBUX,21,0.4149815302572657
20260303T231623Z,SBUX,31,0.3817121560038168
20260303T231623Z,SBUX,42,0.3456487710041743
20260303T231623Z,SCHW,10,0.2604985575894069
20260303T231623Z,SCHW,21,0.18186527627928126
20260303T231623Z,SCHW,31,0.18101799719457473
20260303T231623Z,SCHW,42,0.24429456098648852
20260303T231623Z,SHW,10,0.4879666427125376
20260303T231623Z,SHW,21,0.5056494663908871
20260303T231623Z,SHW,31,0.49443935623668145
20260303T231623Z,SHW,42,0.4532940528169701
20260303T231623Z,SJM,10,0.23620643225081256
20260303T231623Z,SJM,21,0.16555944876727408
20260303T231623Z,SJM,31,0.08309366046158073
20260303T231623Z,SJM,42,0.08277476344227588
20260303T231623Z,SLB,10,0.6353143677301261
20260303T231623Z,SLB,21,0.6798106783486667
20260303T231623Z,SLB,31,0.6835533391343892
20260303T231623Z,SLB,42,0.6696511201872377
20260303T231623Z,SMCI,10,0.5547446038098285
20260303T231623Z,SMCI,21,0.5485535745312761
20260303T231623Z,SMCI,31,0.5618701346335064
20260303T231623Z,SMCI,42,0.6024032821834038
20260303T231623Z,SNA,10,0.2205151607386401
20260303T231623Z,SNA,21,0.18244634076816948
20260303T231623Z,SNA,31,0.13899016206257667
20260303T231623Z,SNA,42,0.11093987975343193
20260303T231623Z,SNPS,10,0.4483011166804645
20260303T231623Z,SNPS,21,0.4000191744128063
20260303T231623Z,SNPS,31,0.3519880906516694
20260303T231623Z,SNPS,42,0.3022636648244153
20260303T231623Z,SO,10,0.34126195246924174
20260303T231623Z,SO,21,0.3374879719227443
20260303T231623Z,SO,31,0.3546112208414579
20260303T231623Z,SO,42,0.3951486507484653
20260303T231623Z,SOLV,10,0.6719101928774965
20260303T231623Z,SOLV,21,0.7074495404036769
20260303T231623Z,SOLV,31,0.7252127904301817
20260303T231623Z,SOLV,42,0.7012169429752434
20260303T231623Z,SPG,10,0.6052728908609069
20260303T231623Z,SPG,21,0.6568801638396603
20260303T231623Z,SPG,31,0.6721619087051509
20260303T231623Z,SPG,42,0.6529497650878828
20260303T231623Z,SPGI,10,0.3860003389291714
20260303T231623Z,SPGI,21,0.3728966795426497
20260303T231623Z,SPGI,31,0.39723062855917723
20260303T231623Z,SPGI,42,0.4195650530158712
20260303T231623Z,SRE,10,0.38765202560389395
20260303T231623Z,SRE,21,0.4128710711285824
20260303T231623Z,SRE,31,0.4200028901745083
20260303T231623Z,SRE,42,0.4111559267830265
20260303T231623Z,STE,10,0.41401309929137003
20260303T231623Z,STE,21,0.49134449604498626
20260303T231623Z,STE,31,0.49413659626750667
20260303T231623Z,STE,42,0.46531376970668464
20260303T231623Z,STLD,10,0.35823800125610805
20260303T231623Z,STLD,21,0.4051608936810671
20260303T231623Z,STLD,31,0.44123683141800984
20260303T231623Z,STLD,42,0.41406962372784206
20260303T231623Z,STT,10,0.4310401571987646
20260303T231623Z,STT,21,0.4885765090822731
20260303T231623Z,STT,31,0.4851446914748396
20260303T231623Z,STT,42,0.4499697792009203
20260303T231623Z,STX,10,0.2014441717625557
20260303T231623Z,STX,21,0.1590305973380318
20260303T231623Z,STX,31,0.19722912619280872
20260303T231623Z,STX,42,0.21322446209172416
20260303T231623Z,STZ,10,0.2120288587820923
20260303T231623Z,STZ,21,0.250875702564237
20260303T231623Z,STZ,31,0.3356013032197737
20260303T231623Z,STZ,42,0.35957326138805473
20260303T231623Z,SW,10,0.155752027580146
20260303T231623Z,SW,21,0.13940728383826606
20260303T231623Z,SW,31,0.11833558720303329
20260303T231623Z,SW,42,0.1456065584074771
20260303T231623Z,SWK,10,0.40511786761442564
20260303T231623Z,SWK,21,0.44507952625850034
20260303T231623Z,SWK,31,0.4450692510824319
20260303T231623Z,SWK,42,0.4218657167403555
20260303T231623Z,SWKS,10,0.2464840257303227
20260303T231623Z,SWKS,21,0.27508316698088014
20260303T231623Z,SWKS,31,0.32064045662284324
20260303T231623Z,SWKS,42,0.32686349144557186
20260303T231623Z,SYF,10,0.43302950932954726
20260303T231623Z,SYF,21,0.42068896733089983
20260303T231623Z,SYF,31,0.4538996086614929
20260303T231623Z,SYF,42,0.48239423760579936
20260303T231623Z,SYK,10,0.40607401821066297
20260303T231623Z,SYK,21,0.4227784885467828
20260303T231623Z,SYK,31,0.3997727821700083
20260303T231623Z,SYK,42,0.39004078201070197
20260303T231623Z,SYY,10,0.5243970645827211
20260303T231623Z,SYY,21,0.5332333617644179
20260303T231623Z,SYY,31,0.5344096719501472
20260303T231623Z,SYY,42,0.5318821160598088
20260303T231623Z,T,10,0.21281943767847536
20260303T231623Z,T,21,0.17882519150364057
20260303T231623Z,T,31,0.23468243077277148
20260303T231623Z,T,42,0.17443086066095403
20260303T231623Z,TAP,10,0.2692101614301941
20260303T231623Z,TAP,21,0.21649387967692094
20260303T231623Z,TAP,31,0.21772298254598127
20260303T231623Z,TAP,42,0.23207225424232614
20260303T231623Z,TDG,10,0.4190664470974332
20260303T231623Z,TDG,21,0.4102401970203215
20260303T231623Z,TDG,31,0.3624638969332278
20260303T231623Z,TDG,42,0.3324637406351682
20260303T231623Z,TDY,10,0.3232983601121072
20260303T231623Z,TDY,21,0.27379922803663675
20260303T231623Z,TDY,31,0.2619311631818731
20260303T231623Z,TDY,42,0.2974498791163276
20260303T231623Z,TECH,10,0.3247789454398554
20260303T231623Z,TECH,21,0.3316040169668553
20260303T231623Z,TECH,31,0.2799582188710042
20260303T231623Z,TECH,42,0.22422582893813692
20260303T231623Z,TEL,10,0.4060005727879079
20260303T231623Z,TEL,21,0.45129245133535634
20260303T231623Z,TEL,31,0.4276878144359889
20260303T231623Z,TEL,42,0.4263825209795723
20260303T231623Z,TER,10,0.34971186727724557
20260303T231623Z,TER,21,0.36225085854566547
20260303T231623Z,TER,31,0.3634168679573178
20260303T231623Z,TER,42,0.3170317190845682
20260303T231623Z,TFC,10,0.44794203588994796
20260303T231623Z,TFC,21,0.46707553175583194
20260303T231623Z,TFC,31,0.42556031245317444
20260303T231623Z,TFC,42,0.4146631981757049
20260303T231623Z,TGT,10,0.2640616280135379
20260303T231623Z,TGT,21,0.21533774338745165
20260303T231623Z,TGT,31,0.1638860189122824
20260303T231623Z,TGT,42,0.14748271555682296
20260303T231623Z,TJX,10,0.590403052176724
20260303T231623Z,TJX,21,0.5916923865646877
20260303T231623Z,TJX,31,0.5855992120479444
20260303T231623Z,TJX,42,0.5688776987299266
20260303T231623Z,TKO,10,0.1082643665885877
20260303T231623Z,TKO,21,0.16140658146372894
20260303T231623Z,TKO,31,0.15574246696408456
20260303T231623Z,TKO,42,0.11477102982601528
20260303T231623Z,TMO,10,0.3061399364949836
20260303T231623Z,TMO,21,0.27617790193777986
20260303T231623Z,TMO,31,0.26425263950762184
20260303T231623Z,TMO,42,0.25111451604716006
20260303T231623Z,TMUS,10,0.4304712711012508
20260303T231623Z,TMUS,21,0.48178834067234483
20260303T231623Z,TMUS,31,0.5134509795693146
20260303T231623Z,TMUS,42,0.48124351915804037
20260303T231623Z,TPL,10,0.19374151611704096
20260303T231623Z,TPL,21,0.20835677610712106
20260303T231623Z,TPL,31,0.2494736745823349
20260303T231623Z,TPL,42,0.22292336710538696
20260303T231623Z,TPR,10,0.3273164109008236
20260303T231623Z,TPR,21,0.29306571729442543
20260303T231623Z,TPR,31,0.25883166293209076
20260303T231623Z,TPR,42,0.21156310416781937
20260303T231623Z,TRGP,10,0.6015959718209254
20260303T231623Z,TRGP,21,0.6315452565047237
20260303T231623Z,TRGP,31,0.6445222320433329
20260303T231623Z,TRGP,42,0.6348734719409995
20260303T231623Z,TRMB,10,0.437930076091425
20260303T231623Z,TRMB,21,0.4048653030529484
20260303T231623Z,TRMB,31,0.39445369761598736
20260303T231623Z,TRMB,42,0.3914422821015257
20260303T231623Z,TROW,10,0.41579338863717025
20260303T231623Z,TROW,21,0.4490344925124388
20260303T231623Z,TROW,31,0.4279685938243327
20260303T231623Z,TROW,42,0.4024005456149914
20260303T231623Z,TRV,10,0.3391337201631473
20260303T231623Z,TRV,21,0.32979610830587763
20260303T231623Z,TRV,31,0.3074511994049169
20260303T231623Z,TRV,42,0.28518464804926047
20260303T231623Z,TSCO,10,0.3084618278240702
20260303T231623Z,TSCO,21,0.34036151341116927
20260303T231623Z,TSCO,31,0.3147903596703074
20260303T231623Z,TSCO,42,0.2520150241604998
20260303T231623Z,TSLA,10,0.41623851273597234
20260303T231623Z,TSLA,21,0.400429987429807
20260303T231623Z,TSLA,31,0.37842299037958915
20260303T231623Z,TSLA,42,0.37593163324639634
20260303T231623Z,TSN,10,0.20808280961070558
20260303T231623Z,TSN,21,0.21354687483713536
20260303T231623Z,TSN,31,0.15628551616999456
20260303T231623Z,TSN,42,0.1296294079830347
20260303T231623Z,TT,10,0.3495187758552168
20260303T231623Z,TT,21,0.35920553639144276
20260303T231623Z,TT,31,0.32548747263683975
20260303T231623Z,TT,42,0.312038835733539
20260303T231623Z,TTD,10,0.2982124037734976
20260303T231623Z,TTD,21,0.2711443028833429
20260303T231623Z,TTD,31,0.2953747323681795
20260303T231623Z,TTD,42,0.3066165948917332
20260303T231623Z,TTWO,10,0.2477909073142272
20260303T231623Z,TTWO,21,0.21133503635656697
20260303T231623Z,TTWO,31,0.22121282618062812
20260303T231623Z,TTWO,42,0.29251769159580515
20260303T231623Z,TXN,10,0.34095337388518554
20260303T231623Z,TXN,21,0.2972729384998939
20260303T231623Z,TXN,31,0.25114614278905595
20260303T231623Z,TXN,42,0.21788189204968889
20260303T231623Z,TXT,10,0.3897722900775986
20260303T231623Z,TXT,21,0.333025302341709
20260303T231623Z,TXT,31,0.3349145422800271
20260303T231623Z,TXT,42,0.3668345397454893
20260303T231623Z,TYL,10,0.4670435753631617
20260303T231623Z,TYL,21,0.4291483877507874
20260303T231623Z,TYL,31,0.41058508276522915
20260303T231623Z,TYL,42,0.39277621161447435
20260303T231623Z,UAL,10,0.6216846621844956
20260303T231623Z,UAL,21,0.6129636636373688
20260303T231623Z,UAL,31,0.5747296844779611
20260303T231623Z,UAL,42,0.5764938790324975
20260303T231623Z,UBER,10,0.33872867398445744
20260303T231623Z,UBER,21,0.37287163719659216
20260303T231623Z,UBER,31,0.37863959790089796
20260303T231623Z,UBER,42,0.3843574159486066
20260303T231623Z,UDR,10,0.5749054396875436
20260303T231623Z,UDR,21,0.5938404405059481
20260303T231623Z,UDR,31,0.5837233718723857
20260303T231623Z,UDR,42,0.5642475963688423
20260303T231623Z,UHS,10,0.2978364270373264
20260303T231623Z,UHS,21,0.2859956297608843
20260303T231623Z,UHS,31,0.28178543379309395
20260303T231623Z,UHS,42,0.2729007123371369
20260303T231623Z,ULTA,10,0.38599642997914146
20260303T231623Z,ULTA,21,0.29636497687844204
20260303T231623Z,ULTA,31,0.21506799876286048
20260303T231623Z,ULTA,42,0.17777088716072467
20260303T231623Z,UNH,10,0.20353869785295783
20260303T231623Z,UNH,21,0.21064815091916156
20260303T231623Z,UNH,31,0.16933643576085125
20260303T231623Z,UNH,42,0.151414606387244
20260303T231623Z,UNP,10,0.2850296000957239
20260303T231623Z,UNP,21,0.2936647488993526
20260303T231623Z,UNP,31,0.28874005679451376
20260303T231623Z,UNP,42,0.250403461498144
20260303T231623Z,UPS,10,0.0666517943314902
20260303T231623Z,UPS,21,0.023765082122019544
20260303T231623Z,UPS,31,0.04317546948706941
20260303T231623Z,UPS,42,0.07655811412006361
20260303T231623Z,URI,10,0.17838201272261855
20260303T231623Z,URI,21,0.14950376307249114
20260303T231623Z,URI,31,0.14870433861136165
20260303T231623Z,URI,42,0.15613060690755381
20260303T231623Z,USB,10,0.46231410637844106
20260303T231623Z,USB,21,0.46127884669202585
20260303T231623Z,USB,31,0.4867415162425134
20260303T231623Z,USB,42,0.4673038319641874
20260303T231623Z,V,10,0.5464706198166285
20260303T231623Z,V,21,0.5761507727969382
20260303T231623Z,V,31,0.5811333740156568
20260303T231623Z,V,42,0.5719550222795613
20260303T231623Z,VICI,10,0.5062025162023815
20260303T231623Z,VICI,21,0.4844021627801921
20260303T231623Z,VICI,31,0.4965335000252393
20260303T231623Z,VICI,42,0.5004105495344644
20260303T231623Z,VLO,10,0.5064417399226363
20260303T231623Z,VLO,21,0.6051315849826997
20260303T231623Z,VLO,31,0.6181286840330535
20260303T231623Z,VLO,42,0.6160915592946818
20260303T231623Z,VLTO,10,0.5546329013663066
20260303T231623Z,VLTO,21,0.6257002522888665
20260303T231623Z,VLTO,31,0.6654667606911896
20260303T231623Z,VLTO,42,0.6964964520643374
20260303T231623Z,VMC,10,0.4375600038331985
20260303T231623Z,VMC,21,0.49951485502030046
20260303T231623Z,VMC,31,0.49736927604465503
20260303T231623Z,VMC,42,0.4735812304390466
20260303T231623Z,VRSK,10,0.32948938729794613
20260303T231623Z,VRSK,21,0.3032750391962691
20260303T231623Z,VRSK,31,0.30687631522697323
20260303T231623Z,VRSK,42,0.3404338237913316
20260303T231623Z,VRSN,10,0.28171001620556085
20260303T231623Z,VRSN,21,0.3082314011845406
20260303T231623Z,VRSN,31,0.30740471691942883
20260303T231623Z,VRSN,42,0.32793930371244645
20260303T231623Z,VRTX,10,0.27156699413178603
20260303T231623Z,VRTX,21,0.3003012022953178
20260303T231623Z,VRTX,31,0.30051492583110706
20260303T231623Z,VRTX,42,0.25250623152524715
20260303T231623Z,VST,10,0.5267238751201558
20260303T231623Z,VST,21,0.5423068220470019
20260303T231623Z,VST,31,0.5260354435693086
20260303T231623Z,VST,42,0.5069152298296271
20260303T231623Z,VTR,10,0.47219311546831877
20260303T231623Z,VTR,21,0.4808157769950316
20260303T231623Z,VTR,31,0.4758995481944122
20260303T231623Z,VTR,42,0.4513124802059408
20260303T231623Z,VTRS,10,0.17218367098097007
20260303T231623Z,VTRS,21,0.16019927586463847
20260303T231623Z,VTRS,31,0.14181162025490485
20260303T231623Z,VTRS,42,0.17509837213609128
20260303T231623Z,VZ,10,0.2801221971335655
20260303T231623Z,VZ,21,0.2920660736477616
20260303T231623Z,VZ,31,0.3346975408392823
20260303T231623Z,VZ,42,0.2914881994071018
20260303T231623Z,WAB,10,0.5226153330306996
20260303T231623Z,WAB,21,0.576946931730448
20260303T231623Z,WAB,31,0.5903133613723909
20260303T231623Z,WAB,42,0.5813619085921212
20260303T231623Z,WAT,10,0.2753946558502295
20260303T231623Z,WAT,21,0.2355932926387218
20260303T231623Z,WAT,31,0.21243051527613493
20260303T231623Z,WAT,42,0.1820973123156119
20260303T231623Z,WBD,10,0.44124819278664534
20260303T231623Z,WBD,21,0.49570044321951906
20260303T231623Z,WBD,31,0.46835961308785007
20260303T231623Z,WBD,42,0.4558110254208448
20260303T231623Z,WDAY,10,0.3485482567440289
20260303T231623Z,WDAY,21,0.2966575419653874
20260303T231623Z,WDAY,31,0.2614032866100372
20260303T231623Z,WDAY,42,0.2763629189038518
20260303T231623Z,WDC,10,0.24717601698015051
20260303T231623Z,WDC,21,0.21279488369527758
20260303T231623Z,WDC,31,0.21520164754695043
20260303T231623Z,WDC,42,0.2359319773646372
20260303T231623Z,WEC,10,0.2911768506110445
20260303T231623Z,WEC,21,0.3181828878544514
20260303T231623Z,WEC,31,0.32470568348623546
20260303T231623Z,WEC,42,0.3273101672057583
20260303T231623Z,WELL,10,0.49213271954869076
20260303T231623Z,WELL,21,0.5434092165823539
20260303T231623Z,WELL,31,0.5607359238494359
20260303T231623Z,WELL,42,0.5723699028092588
20260303T231623Z,WFC,10,0.5321404447048952
20260303T231623Z,WFC,21,0.5641766041886453
20260303T231623Z,WFC,31,0.5771733872832575
20260303T231623Z,WFC,42,0.5609579440567147
20260303T231623Z,WM,10,0.3257979569503192
20260303T231623Z,WM,21,0.258110308004909
20260303T231623Z,WM,31,0.2280515390469749
20260303T231623Z,WM,42,0.2156465784168106
20260303T231623Z,WMB,10,0.48084164106514865
20260303T231623Z,WMB,21,0.5481386994789004
20260303T231623Z,WMB,31,0.5430979229513084
20260303T231623Z,WMB,42,0.5548883267275295
20260303T231623Z,WMT,10,0.3571726249575261
20260303T231623Z,WMT,21,0.3503014636086448
20260303T231623Z,WMT,31,0.3247416263167334
20260303T231623Z,WMT,42,0.27911859949474793
20260303T231623Z,WRB,10,0.3466117022122813
20260303T231623Z,WRB,21,0.3334865714584942
20260303T231623Z,WRB,31,0.31030654836064087
20260303T231623Z,WRB,42,0.27948026833719597
20260303T231623Z,WSM,10,0.29690618260580814
20260303T231623Z,WSM,21,0.2974361498403901
20260303T231623Z,WSM,31,0.30389993527906983
20260303T231623Z,WSM,42,0.2508297643920289
20260303T231623Z,WST,10,0.43033068812304925
20260303T231623Z,WST,21,0.3982319445410784
20260303T231623Z,WST,31,0.3916396544247494
20260303T231623Z,WST,42,0.36132778451715675
20260303T231623Z,WTW,10,0.18698327350822158
20260303T231623Z,WTW,21,0.1609923961909451
20260303T231623Z,WTW,31,0.14038201102412157
20260303T231623Z,WTW,42,0.11051352353740677
20260303T231623Z,WY,10,0.4306413300615505
20260303T231623Z,WY,21,0.43775598669561877
20260303T231623Z,WY,31,0.45704940131445065
20260303T231623Z,WY,42,0.4337692941998718
20260303T231623Z,WYNN,10,0.5051272296389929
20260303T231623Z,WYNN,21,0.5296409166567858
20260303T231623Z,WYNN,31,0.565514949778097
20260303T231623Z,WYNN,42,0.5738200060309245
20260303T231623Z,XEL,10,0.3011208125281327
20260303T231623Z,XEL,21,0.300015834273745
20260303T231623Z,XEL,31,0.26744744728774045
20260303T231623Z,XEL,42,0.23469201288898967
20260303T231623Z,XOM,10,0.6557179980923218
20260303T231623Z,XOM,21,0.7480168946219119
20260303T231623Z,XOM,31,0.74632592654796
20260303T231623Z,XOM,42,0.7282507430987748
20260303T231623Z,XYL,10,0.37776568053930243
20260303T231623Z,XYL,21,0.4033314266706191
20260303T231623Z,XYL,31,0.378196272345251
20260303T231623Z,XYL,42,0.408915722748142
20260303T231623Z,XYZ,10,0.49434663818133273
20260303T231623Z,XYZ,21,0.48083745578220843
20260303T231623Z,XYZ,31,0.44814117691329314
20260303T231623Z,XYZ,42,0.461621950386586
20260303T231623Z,YUM,10,0.3495751896792567
20260303T231623Z,YUM,21,0.38129957453226887
20260303T231623Z,YUM,31,0.4025648931957916
20260303T231623Z,YUM,42,0.3901567767093767
20260303T231623Z,ZBH,10,0.35965776046553594
20260303T231623Z,ZBH,21,0.4038750058357542
20260303T231623Z,ZBH,31,0.41060119391275113
20260303T231623Z,ZBH,42,0.3954625619968669
20260303T231623Z,ZBRA,10,0.4102393739437056
20260303T231623Z,ZBRA,21,0.3720260244132048
20260303T231623Z,ZBRA,31,0.3578401502890744
20260303T231623Z,ZBRA,42,0.37102210382675765
20260303T231623Z,ZTS,10,0.2987014152071568
20260303T231623Z,ZTS,21,0.24759912906457915
20260303T231623Z,ZTS,31,0.23874606737726584
20260303T231623Z,ZTS,42,0.28226763751430045
